index,Price Date,Temp_Max,Temp_Avg,Temp_Min,Dew_Max,Dew_Avg,Dew_Min,Humid_Max,Humid_Avg,Humid_Min,Wind_Max,Wind_Avg,Wind_Min,Pressure_Avg,Precipitation_Total
0,1,87.4,76.22749999999998,64.2,55.90833333333333,61.27833333333335,55.90833333333333,84.74166666666666,62.37083333333336,39.225,5.95,1.679166666666667,0.04166666666666666,28.837500000000038,0.0
1,2,87.4,76.135,64.00833333333334,55.61666666666667,61.03250000000002,55.61666666666667,84.50833333333334,62.06250000000002,38.825,5.925,1.6600000000000004,0.04166666666666666,28.840000000000032,0.0
2,3,87.38333333333334,76.035,63.85,55.375,60.81500000000002,55.375,84.36666666666666,61.81416666666668,38.48333333333333,5.8916666666666675,1.636666666666667,0.04166666666666666,28.843333333333373,0.0
3,4,87.425,75.97333333333331,63.69166666666667,55.13333333333333,60.59583333333335,55.13333333333333,84.175,61.45583333333335,38.025,5.8583333333333325,1.6141666666666667,0.04166666666666666,28.841666666666704,0.0
4,6,87.4,75.84833333333331,63.41666666666666,54.78333333333333,60.28250000000002,54.78333333333333,83.925,61.00583333333334,37.475,5.758333333333334,1.5708333333333335,0.04166666666666666,28.830833333333374,0.0
5,7,87.325,75.74416666666662,63.28333333333333,54.49166666666667,60.07250000000002,54.49166666666667,83.70833333333333,60.77,37.23333333333333,5.741666666666666,1.5708333333333335,0.04166666666666666,28.83250000000004,0.0
6,8,87.20833333333331,75.59083333333328,63.10833333333333,54.23333333333333,59.84000000000002,54.23333333333333,83.60833333333333,60.59416666666668,36.99166666666667,5.741666666666666,1.5708333333333335,0.04166666666666666,28.833333333333375,0.0
7,9,87.10833333333332,75.44666666666662,62.93333333333333,53.99166666666667,59.62083333333336,53.99166666666667,83.46666666666667,60.42666666666669,36.80833333333333,5.725,1.5666666666666669,0.04166666666666666,28.834166666666704,0.0
8,10,87.025,75.3033333333333,62.75833333333333,53.78333333333333,59.40916666666669,53.78333333333333,83.325,60.27833333333334,36.65,5.683333333333334,1.5541666666666674,0.04166666666666666,28.835833333333373,0.0
9,11,86.95,75.18416666666664,62.6,53.59166666666667,59.23583333333337,53.59166666666667,83.225,60.160833333333336,36.525,5.675,1.5358333333333336,0.04166666666666666,28.837500000000038,0.0
10,13,86.78333333333332,74.96249999999995,62.325,53.36666666666667,59.061666666666696,53.36666666666667,83.31666666666666,60.25750000000002,36.46666666666667,5.675,1.5375000000000003,0.04166666666666666,28.84083333333337,0.0
11,14,86.68333333333334,74.84666666666666,62.15833333333333,53.16666666666666,58.88916666666669,53.16666666666666,83.225,60.11666666666667,36.4,5.675,1.5458333333333336,0.04166666666666666,28.842500000000037,0.0
12,15,86.58333333333331,74.7,61.98333333333333,52.95833333333334,58.681666666666686,52.95833333333334,83.08333333333333,59.97916666666667,36.25833333333333,5.675,1.5408333333333335,0.04166666666666666,28.845000000000038,0.0
13,16,86.46666666666668,74.55416666666666,61.80833333333333,52.73333333333333,58.46416666666668,52.73333333333333,82.94166666666666,59.83750000000001,36.16666666666666,5.658333333333332,1.528333333333333,0.04166666666666666,28.846666666666714,0.0
14,17,86.40833333333332,74.42499999999998,61.63333333333333,52.49166666666667,58.25500000000002,52.49166666666667,82.8,59.68416666666667,35.975,5.6,1.5091666666666663,0.04166666666666666,28.84916666666671,0.0
15,18,86.33333333333331,74.28916666666667,61.43333333333333,52.26666666666666,58.03250000000001,52.26666666666666,82.66666666666667,59.52083333333334,35.791666666666664,5.55,1.4841666666666669,0.025,28.851666666666702,0.0
16,20,86.4,74.14,61.09166666666667,51.68333333333333,57.51250000000002,51.68333333333333,82.2,58.73416666666667,34.833333333333336,5.633333333333334,1.3941666666666668,0.0,28.856666666666705,0.0
17,21,86.41666666666669,74.05999999999997,60.88333333333333,51.34166666666667,57.236666666666686,51.34166666666667,82.00833333333334,58.36833333333334,34.40833333333333,5.658333333333332,1.39,0.0,28.857500000000037,0.0
18,22,86.375,73.98999999999997,60.76666666666666,51.13333333333333,57.05500000000002,51.13333333333333,81.83333333333333,58.11333333333333,34.125,5.708333333333332,1.4041666666666666,0.0,28.858333333333373,0.0
19,23,86.31666666666666,73.90499999999996,60.65,50.99166666666667,56.92666666666669,50.99166666666667,81.78333333333333,58.00416666666666,34.016666666666666,5.75,1.4108333333333332,0.0,28.859166666666702,0.0
20,24,86.225,73.80749999999995,60.53333333333333,50.9,56.81916666666669,50.9,81.875,57.965,34.025,5.7666666666666675,1.4349999999999994,0.0,28.860833333333375,0.0
21,25,86.06666666666666,73.66249999999995,60.43333333333333,50.80833333333333,56.72750000000003,50.80833333333333,81.96666666666667,58.0875,34.2,5.808333333333334,1.4583333333333328,0.0,28.861666666666714,0.0
22,27,85.8,73.35666666666663,60.18333333333333,50.55,56.46750000000002,50.55,81.90833333333333,58.1575,34.291666666666664,5.908333333333332,1.5408333333333328,0.025,28.865000000000038,0.0
23,28,85.65,73.17499999999998,60.03333333333333,50.30833333333333,56.236666666666686,50.30833333333333,81.76666666666667,58.04416666666666,34.19166666666667,5.933333333333334,1.5749999999999995,0.025,28.866666666666703,0.0
24,29,85.48333333333333,72.9833333333333,59.80833333333333,50.04166666666666,55.96000000000002,50.04166666666666,81.61666666666666,57.87499999999999,34.041666666666664,5.966666666666668,1.5891666666666662,0.025,28.86833333333337,0.0
25,30,85.35,72.80499999999998,59.575,49.75833333333333,55.69333333333336,49.75833333333333,81.46666666666667,57.69916666666666,33.81666666666667,6.0166666666666675,1.6058333333333332,0.025,28.865000000000034,0.0
26,1,85.15,72.57166666666664,59.20833333333334,49.36666666666667,55.33666666666669,49.36666666666667,81.30833333333334,57.46166666666666,33.6,6.025,1.6224999999999994,0.025,28.8666666666667,0.0
27,3,85.01666666666667,72.33333333333331,58.89166666666666,49.1,55.07500000000003,49.1,81.44166666666666,57.41583333333333,33.4,6.083333333333332,1.6366666666666665,0.025,28.869166666666704,0.0
28,4,84.94166666666666,72.3483333333333,59.36666666666667,49.44166666666667,55.01083333333336,49.44166666666667,81.38333333333334,57.38583333333332,33.583333333333336,6.1,1.6441666666666666,0.025,28.870833333333373,0.0
29,5,84.88333333333334,72.25666666666662,59.25,49.29166666666666,54.861666666666686,49.29166666666666,81.29166666666667,57.27333333333332,33.48333333333333,6.125,1.6558333333333333,0.025,28.871666666666698,0.0
30,6,84.825,72.19499999999995,59.11666666666667,49.21666666666667,54.76666666666669,49.21666666666667,81.28333333333333,57.21166666666666,33.44166666666667,6.158333333333332,1.6766666666666663,0.025,28.872500000000038,0.0
31,7,84.8,72.14916666666664,59.06666666666667,49.10833333333333,54.68750000000002,49.10833333333333,81.28333333333333,57.14083333333331,33.391666666666666,6.2333333333333325,1.6999999999999995,0.025,28.868333333333364,0.0
32,8,84.75,72.08333333333331,58.96666666666667,48.85,54.51000000000002,48.85,81.2,56.94666666666665,33.24166666666667,6.283333333333332,1.7216666666666662,0.025,28.870000000000037,0.0
33,10,84.51666666666667,71.80916666666666,58.60833333333333,48.375,53.98500000000002,48.375,80.825,56.47666666666665,32.95,6.308333333333334,1.7225,0.025,28.873333333333374,0.0
34,11,84.475,71.73166666666664,58.45833333333334,48.20833333333334,53.803333333333356,48.20833333333334,80.65833333333333,56.28666666666665,32.825,6.325,1.7316666666666665,0.025,28.875000000000032,0.0
35,12,84.43333333333334,71.68499999999997,58.38333333333333,48.125,53.68750000000002,48.125,80.56666666666666,56.15749999999999,32.775,6.333333333333332,1.7408333333333332,0.025,28.87583333333337,0.0
36,14,84.41666666666667,71.61833333333331,58.25833333333333,47.925,53.50000000000002,47.925,80.35,55.94166666666665,32.60833333333333,6.383333333333334,1.7524999999999995,0.025,28.877500000000033,0.0
37,15,84.4,71.59416666666662,58.20833333333334,47.88333333333333,53.45166666666668,47.88333333333333,80.35,55.89583333333332,32.55833333333333,6.458333333333332,1.7858333333333332,0.025,28.878333333333373,0.0
38,17,84.25,71.45999999999998,58.01666666666666,47.69166666666667,53.23000000000002,47.69166666666667,80.05833333333334,55.704166666666644,32.55833333333333,6.525,1.820833333333333,0.025,28.877500000000037,0.0
39,18,84.20833333333333,71.37749999999998,57.41666666666666,47.2,53.04666666666669,47.2,79.85833333333333,55.51499999999997,32.30833333333333,6.525,1.8266666666666664,0.025,28.876666666666704,0.0
40,20,84.20833333333333,71.3333333333333,56.85,46.73333333333333,52.98416666666667,46.73333333333333,79.7,55.44083333333331,32.13333333333333,6.5166666666666675,1.83,0.025,28.870833333333373,0.0
41,21,84.24166666666666,71.37416666666665,56.86666666666667,46.73333333333333,52.98,46.73333333333333,79.7,55.36166666666665,32.10833333333333,6.566666666666666,1.8491666666666664,0.025,28.870833333333373,0.0
42,22,84.275,71.42666666666666,56.9,46.74166666666667,52.96833333333333,46.74166666666667,79.53333333333333,55.25833333333331,32.083333333333336,6.666666666666668,1.8758333333333328,0.025,28.870833333333373,0.0
43,25,84.4,71.525,56.93333333333333,46.51666666666666,52.73916666666667,46.51666666666666,78.925,54.78333333333332,31.83333333333333,6.85,1.9675,0.025,28.866666666666692,0.0
44,26,84.44166666666666,71.55,56.9,46.36666666666667,52.61583333333333,46.36666666666667,78.74166666666666,54.58666666666666,31.70833333333333,6.8916666666666675,1.9808333333333328,0.025,28.865000000000034,0.0
45,27,84.475,71.56166666666667,56.875,46.20833333333334,52.46666666666668,46.20833333333334,78.48333333333333,54.35249999999999,31.49166666666667,6.933333333333334,2.0075,0.025,28.863333333333358,0.0
46,1,84.44166666666666,71.50666666666666,56.775,45.83333333333334,52.13666666666668,45.83333333333334,77.95833333333333,53.86166666666665,31.10833333333333,6.95,2.0308333333333333,0.025,28.861666666666693,0.0
47,3,84.49166666666666,71.53000000000002,56.73333333333333,45.525,52.07833333333334,45.525,77.75833333333334,53.69916666666666,30.88333333333333,6.9833333333333325,2.080833333333333,0.04166666666666666,28.859166666666695,0.0
48,6,84.525,71.52916666666667,56.69166666666667,45.05,51.67916666666668,45.05,77.275,53.03666666666666,30.23333333333333,7.083333333333332,2.1674999999999995,0.04166666666666666,28.855000000000025,0.0
49,7,84.54166666666667,71.53833333333333,56.69166666666667,44.975,51.57416666666668,44.975,77.05833333333334,52.86,30.10833333333333,7.091666666666668,2.1741666666666664,0.04166666666666666,28.854166666666693,0.0
50,8,84.56666666666666,71.57666666666667,56.71666666666667,44.9,51.477500000000006,44.9,76.80833333333334,52.65416666666667,29.975,7.116666666666666,2.1875,0.04166666666666666,28.85333333333336,0.0
51,10,84.73333333333333,71.73166666666665,56.78333333333333,44.73333333333333,51.31250000000001,44.73333333333333,76.41666666666667,52.2575,29.716666666666665,7.225,2.235,0.04166666666666666,28.852500000000035,0.0
52,11,84.83333333333333,71.83333333333333,56.85833333333333,44.675,51.27583333333334,44.675,76.225,52.0825,29.625,7.258333333333334,2.25,0.04166666666666666,28.8516666666667,0.0
53,12,84.93333333333334,71.96666666666665,56.85833333333333,44.675,51.25250000000001,44.675,75.925,51.87583333333333,29.625,7.283333333333332,2.254166666666667,0.04166666666666666,28.850833333333373,0.0
54,13,85.00833333333334,72.1225,57.00833333333333,44.71666666666667,51.31000000000001,44.71666666666667,75.63333333333334,51.74083333333333,29.65833333333333,7.341666666666668,2.293333333333333,0.04166666666666666,28.850833333333373,0.0
55,14,85.05833333333334,72.21499999999997,57.15833333333333,44.71666666666667,51.32666666666668,44.71666666666667,75.53333333333333,51.63083333333334,29.625,7.333333333333332,2.3075,0.04166666666666666,28.850833333333373,0.0
56,15,85.10833333333333,72.29249999999998,57.25833333333333,44.75833333333333,51.3525,44.75833333333333,75.4,51.54416666666666,29.641666666666666,7.3916666666666675,2.3350000000000004,0.04166666666666666,28.850833333333373,0.0
57,17,85.25,72.46,57.44166666666667,44.675,51.34,44.675,75.08333333333333,51.28916666666667,29.466666666666665,7.508333333333334,2.413333333333333,0.04166666666666666,28.850000000000037,0.0
58,18,85.25833333333334,72.5016666666667,57.51666666666666,44.69166666666667,51.355,44.69166666666667,75.0,51.23666666666667,29.466666666666665,7.558333333333334,2.438333333333333,0.04166666666666666,28.849166666666704,0.0
59,19,85.29166666666667,72.55083333333333,57.55833333333333,44.65833333333333,51.34499999999999,44.65833333333333,74.95833333333333,51.1375,29.4,7.6083333333333325,2.4533333333333327,0.04166666666666666,28.848333333333372,0.0
60,24,85.63333333333334,72.92,57.325,44.175,51.31249999999999,44.175,74.16666666666667,50.59083333333334,28.966666666666665,7.7666666666666675,2.5549999999999997,0.04166666666666666,28.842500000000047,0.0
61,25,85.76666666666667,73.05416666666666,57.4,44.13333333333333,51.26083333333334,44.13333333333333,73.90833333333333,50.35500000000001,28.83333333333333,7.791666666666668,2.574166666666666,0.04166666666666666,28.84166666666671,0.0
62,26,85.91666666666669,73.205,57.53333333333333,44.11666666666667,51.23916666666666,44.11666666666667,73.60833333333333,50.13500000000001,28.716666666666665,7.816666666666666,2.596666666666666,0.04166666666666666,28.840833333333386,0.0
63,27,86.03333333333332,73.35083333333333,57.65,44.04166666666666,51.22166666666666,44.04166666666666,73.31666666666666,49.927500000000016,28.6,7.85,2.624166666666666,0.04166666666666666,28.840833333333386,0.0
64,28,86.18333333333334,73.48583333333333,57.775,43.90833333333333,51.13249999999999,43.90833333333333,72.99166666666666,49.64833333333334,28.4,7.85,2.63,0.04166666666666666,28.840000000000053,0.0
65,29,86.36666666666666,73.65416666666667,57.88333333333333,43.76666666666666,51.04416666666666,43.76666666666666,72.625,49.3275,28.2,7.841666666666668,2.6375,0.04166666666666666,28.837500000000052,0.0
66,31,86.76666666666668,74.0475,58.15,43.49166666666667,50.82833333333333,43.49166666666667,71.84166666666667,48.62833333333334,27.73333333333333,7.966666666666668,2.7058333333333326,0.04166666666666666,28.83333333333338,0.0
67,1,86.96666666666668,74.23250000000002,58.26666666666666,43.36666666666667,50.74583333333332,43.36666666666667,71.44166666666666,48.28833333333333,27.466666666666665,8.008333333333333,2.722499999999999,0.04166666666666666,28.831666666666713,0.0
68,2,87.15,74.40000000000002,58.41666666666666,43.24166666666667,50.66749999999999,43.24166666666667,71.04166666666667,47.97166666666668,27.25,8.025,2.738333333333332,0.04166666666666666,28.830000000000037,0.0
69,3,87.35,74.58500000000002,58.56666666666667,43.16666666666666,50.63249999999999,43.16666666666666,70.73333333333333,47.675,27.016666666666666,8.041666666666666,2.7524999999999986,0.04166666666666666,28.838333333333374,0.0
70,4,87.55833333333334,74.74750000000003,58.73333333333333,43.125,50.64499999999999,43.125,70.4,47.43000000000002,26.825,8.141666666666667,2.795833333333332,0.04166666666666666,28.836666666666698,0.0
71,5,87.775,74.92666666666669,58.91666666666666,42.975,50.53499999999999,42.975,69.91666666666667,47.04750000000002,26.54166666666667,14.158333333333333,3.070833333333332,0.04166666666666666,28.835000000000033,0.0
72,7,88.19166666666666,75.25000000000003,58.5,42.391666666666666,50.26749999999999,42.391666666666666,69.16666666666667,46.31500000000001,25.841666666666665,14.258333333333333,3.1166666666666654,0.04166666666666666,28.831666666666695,0.0
73,8,88.41666666666669,75.43166666666669,58.625,42.24166666666667,50.14166666666665,42.24166666666667,68.66666666666667,45.83166666666668,25.36666666666667,14.25,3.120833333333332,0.04166666666666666,28.83083333333336,0.0
74,9,88.64166666666668,75.60333333333334,58.71666666666667,41.975,49.92416666666665,41.975,68.2,45.255,24.85,14.308333333333335,3.146666666666665,0.04166666666666666,28.830000000000023,0.0
75,10,88.875,75.79,58.88333333333333,41.80833333333333,49.77249999999997,41.80833333333333,67.71666666666667,44.8275,24.566666666666666,14.383333333333333,3.163333333333332,0.04166666666666666,28.828333333333354,0.0
76,12,89.3,76.18250000000002,59.23333333333333,41.65833333333333,49.67083333333331,41.65833333333333,67.075,44.18333333333334,24.05,14.533333333333333,3.214166666666665,0.04166666666666666,28.82500000000001,0.0
77,15,90.01666666666668,76.82499999999997,59.8,41.391666666666666,49.5733333333333,41.391666666666666,66.15833333333333,43.31000000000001,23.216666666666665,14.641666666666667,3.2333333333333325,0.04166666666666666,28.81750000000001,0.0
78,16,90.24166666666666,76.975,59.9,41.45,49.62166666666664,41.45,66.06666666666666,43.12416666666668,23.00833333333333,14.783333333333333,3.245833333333332,0.04166666666666666,28.811666666666678,0.0
79,17,90.44166666666666,77.16833333333334,60.50833333333333,41.94166666666667,49.68416666666665,41.94166666666667,65.96666666666667,42.88083333333334,23.25833333333333,14.8,3.2558333333333325,0.04166666666666666,28.81000000000001,0.0
80,22,91.425,78.21833333333333,61.5,42.016666666666666,50.00833333333332,42.016666666666666,65.13333333333334,41.88166666666667,22.6,14.958333333333336,3.3524999999999987,0.04166666666666666,28.799166666666668,0.0
81,23,91.65,78.44749999999998,61.74166666666667,41.90833333333333,49.99749999999999,41.90833333333333,64.85,41.61083333333333,22.43333333333333,14.975,3.365,0.04166666666666666,28.79750000000001,0.0
82,25,92.08333333333331,78.89916666666666,62.18333333333333,41.79166666666666,49.95166666666666,41.79166666666666,64.125,41.04083333333333,22.04166666666667,15.05,3.3875,0.04166666666666666,28.794166666666666,0.0
83,26,92.36666666666666,79.16666666666666,62.5,41.825,50.00583333333334,41.825,63.74166666666667,40.84666666666666,21.9,15.041666666666664,3.3608333333333333,0.04166666666666666,28.79166666666666,0.0
84,28,93.0,79.80416666666669,62.46666666666667,41.708333333333336,50.26666666666666,41.708333333333336,63.175,40.46500000000001,21.65,15.033333333333333,3.368333333333333,0.04166666666666666,28.785833333333322,0.0
85,29,93.31666666666666,80.12916666666666,62.76666666666666,41.825,50.43666666666668,41.825,62.95,40.32583333333334,21.575,15.058333333333335,3.3974999999999995,0.04166666666666666,28.782499999999985,0.0
86,30,93.6,80.45000000000002,63.08333333333334,41.9,50.5325,41.9,62.81666666666667,40.185,21.516666666666666,15.116666666666667,3.4241666666666664,0.04166666666666666,28.778333333333315,0.0
87,2,94.03333333333332,80.97166666666669,63.64166666666666,41.93333333333333,50.63,41.93333333333333,62.33333333333334,39.80916666666667,21.383333333333333,15.225,3.4658333333333333,0.04166666666666666,28.769999999999982,0.0
88,3,94.23333333333332,81.22250000000003,63.86666666666667,41.875,50.60749999999999,41.875,62.09166666666667,39.53916666666667,21.241666666666667,15.291666666666664,3.518333333333333,0.04166666666666666,28.766666666666644,0.0
89,5,94.66666666666669,81.73583333333333,64.41666666666667,41.75833333333333,50.52833333333333,41.75833333333333,61.21666666666667,38.94000000000001,20.866666666666667,15.441666666666665,3.628333333333333,0.10833333333333334,28.781666666666638,0.0
90,6,94.86666666666666,82.0166666666667,64.75,41.7,50.45416666666666,41.7,60.65,38.54833333333333,20.683333333333334,15.408333333333333,3.6291666666666673,0.10833333333333334,28.779166666666637,0.0
91,8,95.38333333333334,82.5941666666667,65.33333333333333,41.68333333333333,50.365,41.68333333333333,59.75,37.91916666666667,20.375,15.558333333333335,3.7183333333333337,0.15,28.774166666666627,0.0
92,9,95.63333333333334,82.87333333333338,65.63333333333334,41.63333333333333,50.3325,41.63333333333333,59.29166666666666,37.6,20.2,15.641666666666667,3.76,0.15,28.771666666666626,0.0
93,10,95.86666666666666,83.15833333333336,65.93333333333334,41.6,50.339166666666664,41.6,58.89166666666666,37.29916666666666,20.041666666666668,15.683333333333335,3.79,0.15,28.763333333333286,0.0
94,12,96.3,83.64916666666672,66.45833333333333,41.50833333333333,50.20583333333334,41.50833333333333,57.95,36.54583333333333,19.633333333333333,15.816666666666665,3.8675,0.15,28.759166666666612,0.0
95,13,96.525,83.8741666666667,66.66666666666667,41.35833333333333,50.08666666666667,41.35833333333333,57.39166666666666,36.08083333333333,19.316666666666666,15.883333333333333,3.9058333333333337,0.15,28.756666666666607,0.0
96,14,96.775,84.11750000000005,66.925,41.31666666666667,50.04083333333334,41.31666666666667,56.96666666666667,35.764166666666654,19.03333333333333,15.941666666666665,3.914166666666667,0.15,28.75416666666661,0.0
97,15,97.025,84.39250000000007,67.19166666666666,41.28333333333333,50.02916666666668,41.28333333333333,56.59166666666667,35.46583333333332,18.85,15.966666666666667,3.938333333333334,0.15,28.750833333333283,0.0
98,21,98.225,85.88750000000003,68.85833333333333,41.49166666666667,50.25000000000002,41.49166666666667,54.49166666666667,34.2425,18.325,15.941666666666665,4.111666666666667,0.20833333333333331,28.737499999999947,0.0
99,22,98.45,86.12333333333336,69.1,41.475,50.233333333333356,41.475,54.21666666666667,33.97666666666666,18.175,15.916666666666664,4.1025,0.20833333333333331,28.734999999999946,0.0
100,23,98.69166666666666,86.35916666666668,69.325,41.4,50.18666666666669,41.4,53.8,33.629999999999995,17.95,15.883333333333333,4.126666666666667,0.20833333333333331,28.73249999999995,0.0
101,24,98.91666666666669,86.60250000000002,69.55,41.28333333333333,50.10666666666669,41.28333333333333,53.28333333333333,33.235,17.7,15.925,4.155833333333334,0.2333333333333333,28.729999999999947,0.0
102,26,99.525,87.18250000000003,69.25833333333334,40.675,49.91583333333336,40.675,52.19166666666667,32.13916666666667,16.733333333333334,16.016666666666666,4.1775,0.2416666666666667,28.719166666666624,0.0
103,27,99.84166666666668,87.50000000000004,69.54166666666667,40.6,49.85500000000002,40.6,51.64166666666666,31.69833333333333,16.391666666666666,16.041666666666668,4.194166666666667,0.26666666666666666,28.714999999999954,0.0
104,28,100.175,87.82333333333334,69.83333333333333,40.59166666666667,49.87500000000002,40.59166666666667,51.275,31.423333333333336,16.208333333333332,16.091666666666665,4.2025,0.26666666666666666,28.710833333333287,0.0
105,29,100.49166666666666,88.1541666666667,70.18333333333334,40.725,50.04083333333336,40.725,51.0,31.25833333333333,16.133333333333333,16.116666666666667,4.2200000000000015,0.26666666666666666,28.706666666666628,0.0
106,30,100.775,88.47583333333338,70.55833333333334,40.825,50.201666666666696,40.825,50.68333333333333,31.085,16.05,16.158333333333335,4.245,0.26666666666666666,28.70749999999996,0.0
107,31,101.03333333333332,88.77333333333334,70.91666666666667,40.9,50.31666666666669,40.9,50.38333333333333,30.90583333333333,15.958333333333336,16.216666666666665,4.290000000000001,0.26666666666666666,28.704166666666627,0.0
108,2,101.51666666666668,89.28666666666666,71.475,40.94166666666667,50.40083333333335,40.94166666666667,49.70833333333334,30.3325,15.625,16.425,4.361666666666667,0.2833333333333333,28.698333333333306,0.0
109,3,101.725,89.53916666666666,71.75,41.016666666666666,50.48500000000001,41.016666666666666,49.35833333333333,30.111666666666665,15.558333333333335,16.466666666666665,4.399166666666667,0.2833333333333333,28.694166666666643,0.0
110,4,101.95,89.78249999999998,72.00833333333334,41.09166666666667,50.59416666666667,41.09166666666667,49.10833333333333,29.943333333333324,15.483333333333333,16.525,4.439166666666667,0.2833333333333333,28.689999999999966,0.0
111,6,102.41666666666669,90.24499999999998,71.79166666666667,40.725,50.67166666666667,40.725,48.5,29.50166666666666,15.158333333333333,16.6,4.4825,0.2833333333333333,28.684166666666638,0.0
112,7,102.64166666666668,90.41916666666664,71.95833333333333,40.775,50.72083333333334,40.775,48.25,29.35333333333333,14.991666666666667,16.591666666666665,4.495,0.2833333333333333,28.687499999999968,0.0
113,9,103.125,90.87583333333332,72.41666666666667,41.25,51.16583333333334,41.25,48.40833333333333,29.434166666666666,15.008333333333333,16.65,4.485833333333333,0.2833333333333333,28.661666666666637,0.0
114,10,103.275,91.10416666666669,72.75,41.458333333333336,51.38583333333335,41.458333333333336,48.25833333333333,29.434166666666666,15.083333333333336,16.7,4.5474999999999985,0.3083333333333333,28.657499999999967,0.0
115,11,103.48333333333332,91.345,73.05,41.60833333333333,51.56000000000001,41.60833333333333,48.18333333333333,29.38333333333333,15.075,16.725,4.575833333333333,0.3083333333333333,28.653333333333308,0.0
116,12,103.65,91.56416666666668,73.31666666666666,41.75833333333333,51.69000000000001,41.75833333333333,47.96666666666667,29.28333333333333,15.058333333333335,16.791666666666668,4.638333333333333,0.325,28.64916666666664,0.0
117,13,103.775,91.7525,73.575,41.85,51.78750000000001,41.85,47.73333333333333,29.16916666666667,15.058333333333335,17.9,4.72,0.3416666666666667,28.644999999999968,0.0
118,14,103.9,91.90416666666668,73.75833333333334,41.98333333333333,51.89666666666668,41.98333333333333,47.60833333333333,29.10916666666667,15.075,17.933333333333334,4.7558333333333325,0.3416666666666667,28.641666666666644,0.0
119,16,104.19166666666666,92.21333333333335,74.10833333333333,42.175,52.044166666666676,42.175,47.23333333333333,28.860833333333336,14.883333333333333,18.016666666666666,4.8133333333333335,0.3416666666666667,28.635833333333306,0.0
120,17,104.34166666666668,92.40000000000002,74.38333333333334,42.34166666666667,52.21333333333335,42.34166666666667,47.19166666666667,28.85666666666667,14.891666666666667,18.1,4.855833333333334,0.3416666666666667,28.63416666666664,0.0
121,18,104.45833333333331,92.59,75.11666666666666,42.85,52.40916666666668,42.85,47.11666666666667,28.89416666666667,15.091666666666667,18.15833333333333,4.898333333333333,0.3416666666666667,28.631666666666643,0.0
122,19,104.55,92.77166666666668,75.86666666666666,43.375,52.53250000000001,43.375,46.99166666666667,28.85250000000001,15.316666666666665,18.216666666666665,4.946666666666668,0.3583333333333333,28.63416666666664,0.0
123,20,104.625,92.85250000000002,75.99166666666666,43.475,52.6075,43.475,47.04166666666666,28.85250000000001,15.275,18.28333333333333,4.988333333333334,0.375,28.630833333333307,0.0
124,21,104.71666666666668,92.92750000000004,76.08333333333333,43.50833333333333,52.67916666666667,43.50833333333333,47.05,28.861666666666675,15.241666666666667,18.291666666666668,5.006666666666669,0.39166666666666666,28.622499999999977,0.0
125,23,104.74166666666666,92.93416666666671,76.2,43.74166666666667,52.93833333333334,43.74166666666667,47.45833333333334,29.35000000000001,15.508333333333333,18.308333333333334,5.0408333333333335,0.4083333333333333,28.616666666666642,0.0
126,24,104.70833333333331,92.96000000000004,76.275,43.99166666666667,53.13333333333333,43.99166666666667,47.73333333333333,29.63333333333334,15.783333333333333,18.225,5.019166666666667,0.4083333333333333,28.615833333333306,0.0
127,25,104.76666666666668,93.06583333333336,76.425,44.29166666666666,53.40583333333333,44.29166666666666,47.93333333333333,29.866666666666678,15.991666666666667,18.216666666666665,5.030000000000001,0.4083333333333333,28.614999999999977,0.0
128,26,104.85833333333332,93.15583333333338,76.55,44.60833333333333,53.67916666666667,44.60833333333333,48.33333333333334,30.14333333333335,16.191666666666666,18.258333333333333,5.048333333333334,0.4083333333333333,28.61416666666664,0.0
129,27,104.93333333333334,93.24916666666672,76.68333333333334,44.91666666666666,53.94583333333333,44.91666666666666,48.64166666666666,30.42750000000001,16.441666666666666,18.241666666666667,5.0475,0.4083333333333333,28.612499999999965,0.0
130,28,105.025,93.3066666666667,76.79166666666667,45.18333333333333,54.18583333333333,45.18333333333333,48.95833333333334,30.78416666666668,16.675,18.233333333333334,5.054166666666666,0.4083333333333333,28.609999999999967,0.0
131,30,105.09166666666668,93.40583333333336,77.01666666666667,45.7,54.5875,45.7,49.7,31.41750000000001,17.091666666666665,18.308333333333334,5.108333333333333,0.44166666666666665,28.604999999999983,0.0
132,1,105.0,93.39000000000004,77.01666666666667,45.9,54.66333333333333,45.9,49.84166666666667,31.61833333333334,17.55,18.308333333333334,5.115833333333333,0.43333333333333335,28.603333333333318,0.0
133,2,104.925,93.34333333333336,76.41666666666667,45.48333333333333,54.8025,45.48333333333333,49.94166666666667,31.97500000000001,17.366666666666667,18.308333333333334,5.132500000000001,0.44166666666666665,28.600833333333316,0.0
134,3,104.85,93.33166666666668,76.475,45.78333333333333,55.03250000000001,45.78333333333333,50.3,32.44666666666667,17.916666666666668,18.35,5.168333333333333,0.4916666666666666,28.59916666666665,0.0
135,4,104.8,93.36000000000004,76.56666666666666,46.05,55.265,46.05,50.61666666666667,32.85083333333334,18.40833333333333,19.141666666666666,5.227499999999998,0.5166666666666667,28.59666666666665,0.0
136,5,104.75,93.38583333333335,76.65833333333333,46.31666666666667,55.52166666666666,46.31666666666667,51.01666666666666,33.29833333333334,18.858333333333334,19.233333333333334,5.292499999999999,0.5166666666666667,28.59333333333332,0.0
137,7,104.63333333333334,93.38083333333338,76.85833333333333,46.86666666666667,56.02166666666666,46.86666666666667,51.70833333333334,34.201666666666675,19.733333333333334,19.383333333333333,5.409999999999998,0.6083333333333333,28.58749999999999,0.0
138,8,104.55833333333334,93.36666666666672,76.96666666666667,47.18333333333333,56.29666666666666,47.18333333333333,52.08333333333334,34.67333333333334,20.15,19.4,5.442499999999999,0.6083333333333333,28.58499999999999,0.0
139,10,104.40833333333332,93.33666666666672,77.68333333333334,48.10833333333333,56.7925,48.10833333333333,53.0,35.58250000000001,21.025,19.5,5.5266666666666655,0.6416666666666667,28.57999999999999,0.0
140,11,104.35833333333332,93.27416666666672,77.7,48.31666666666667,56.95166666666667,48.31666666666667,53.39166666666666,35.96000000000001,21.28333333333333,19.5,5.543333333333331,0.6833333333333333,28.57833333333332,0.0
141,12,104.34166666666668,93.28500000000004,77.71666666666667,48.51666666666666,57.11749999999999,48.51666666666666,53.63333333333333,36.22583333333334,21.53333333333333,19.558333333333334,5.573333333333332,0.7,28.57666666666665,0.0
142,14,104.325,93.32833333333339,77.8,48.84166666666667,57.40083333333333,48.84166666666667,54.10833333333333,36.62750000000001,21.9,19.675,5.641666666666664,0.7583333333333333,28.572499999999987,0.0
143,15,104.3,93.35416666666671,77.85,49.04166666666666,57.52583333333333,49.04166666666666,54.275,36.76416666666668,22.10833333333333,19.666666666666668,5.632499999999998,0.775,28.570833333333315,0.0
144,16,104.36666666666666,93.42583333333336,77.93333333333334,49.1,57.59666666666666,49.1,54.25,36.76583333333335,22.13333333333333,19.691666666666666,5.644166666666665,0.775,28.56916666666665,0.0
145,17,104.40833333333332,93.48750000000004,78.00833333333334,49.20833333333334,57.68166666666665,49.20833333333334,54.225,36.80416666666669,22.20833333333333,19.7,5.662499999999999,0.7916666666666666,28.56749999999998,0.0
146,18,104.41666666666669,93.52500000000002,78.05,49.28333333333333,57.75416666666665,49.28333333333333,54.31666666666667,36.880000000000024,22.266666666666666,19.683333333333334,5.651666666666666,0.7916666666666666,28.564999999999987,0.0
147,19,104.43333333333334,93.5225,78.075,49.34166666666667,57.82416666666666,49.34166666666667,54.45833333333334,37.058333333333344,22.33333333333333,19.716666666666665,5.650833333333333,0.7916666666666666,28.562499999999986,0.0
148,21,104.35,93.485,78.75,50.19166666666667,58.22249999999998,50.19166666666667,55.08333333333334,37.877500000000026,23.10833333333333,19.716666666666665,5.615833333333333,0.7916666666666666,28.55833333333332,0.0
149,22,104.3,93.48416666666668,78.825,50.49166666666667,58.49666666666665,50.49166666666667,55.50833333333333,38.298333333333346,23.49166666666667,20.116666666666667,5.624999999999999,0.7916666666666666,28.555833333333315,0.0
150,23,104.25833333333334,93.48166666666664,78.93333333333334,50.725,58.74166666666665,50.725,55.86666666666667,38.67166666666669,23.78333333333333,20.125,5.616666666666665,0.7916666666666666,28.55333333333332,0.0
151,24,104.2,93.45583333333336,78.96666666666667,50.94166666666667,58.96083333333331,50.94166666666667,56.26666666666666,39.05166666666669,24.075,20.15833333333333,5.619166666666664,0.7916666666666666,28.550833333333305,0.0
152,25,104.14166666666668,93.39333333333332,78.35833333333333,50.63333333333333,59.18666666666665,50.63333333333333,56.75,39.52166666666667,23.98333333333333,20.216666666666665,5.629999999999997,0.7916666666666666,28.548333333333314,0.0
153,26,103.99166666666666,93.32833333333332,78.36666666666666,50.95833333333334,59.46833333333332,50.95833333333334,57.26666666666666,40.09500000000001,24.566666666666666,20.275,5.684999999999998,0.8333333333333334,28.545833333333317,0.0
154,28,103.55,93.0708333333333,78.39166666666667,51.575,59.98333333333332,51.575,58.25,41.355,25.91666666666667,20.341666666666665,5.759999999999998,0.875,28.542499999999983,0.0
155,29,103.35,92.9083333333333,78.35833333333333,51.85833333333333,60.267499999999984,51.85833333333333,58.81666666666667,42.001666666666665,26.53333333333333,20.35,5.773333333333332,0.9166666666666666,28.53999999999998,0.0
156,30,103.10833333333332,92.75749999999996,78.34166666666667,52.11666666666667,60.49916666666664,52.11666666666667,59.36666666666667,42.62916666666667,27.18333333333333,20.391666666666666,5.829166666666664,0.975,28.53833333333332,0.0
157,31,102.88333333333334,92.61999999999996,78.30833333333334,52.375,60.71833333333332,52.375,59.91666666666666,43.21666666666668,27.78333333333333,20.45833333333333,5.8891666666666636,1.0,28.537499999999987,0.0
158,1,102.675,92.49333333333333,78.29166666666667,52.6,60.90166666666665,52.6,60.325,43.74083333333334,28.325,20.475,5.912499999999998,1.0166666666666666,28.535833333333322,0.0
159,2,102.46666666666668,92.3858333333333,78.24166666666666,52.79166666666666,61.03416666666665,52.79166666666666,60.75833333333333,44.21666666666668,28.8,20.45,5.9208333333333325,1.0333333333333334,28.53416666666665,0.0
160,4,102.025,92.14999999999996,78.81666666666666,53.7,61.55749999999998,53.7,61.925,45.42,30.066666666666666,14.491666666666667,5.729166666666666,1.0583333333333331,28.53083333333332,0.0
161,6,101.64166666666668,91.91749999999998,78.75,54.275,62.013333333333314,54.275,62.78333333333333,46.51583333333334,31.216666666666665,14.566666666666665,5.7766666666666655,1.075,28.52583333333332,0.0
162,7,101.41666666666669,91.78583333333331,78.71666666666667,54.6,62.268333333333324,54.6,63.2,47.0925,31.841666666666665,14.6,5.808333333333333,1.1,28.523333333333326,0.0
163,8,101.15,91.62833333333332,78.68333333333334,54.93333333333333,62.52833333333331,54.93333333333333,63.68333333333333,47.727500000000006,32.516666666666666,14.616666666666667,5.877499999999999,1.15,28.50999999999999,0.0
164,9,100.91666666666669,91.4825,78.63333333333334,55.2,62.73499999999997,55.2,64.15,48.294166666666676,33.125,14.6,5.892499999999999,1.15,28.508333333333322,0.0
165,11,100.6,91.26666666666664,78.56666666666666,55.69166666666667,63.12916666666664,55.69166666666667,65.03333333333333,49.24166666666667,34.0,14.6,5.910833333333333,1.15,28.506666666666657,0.0
166,13,100.24166666666666,91.02333333333333,78.45,56.25833333333333,63.53916666666664,56.25833333333333,65.96666666666667,50.2275,34.93333333333333,14.558333333333335,5.930833333333332,1.1916666666666669,28.504999999999992,0.0
167,14,100.075,90.9708333333333,78.46666666666667,56.40833333333333,63.64666666666664,56.40833333333333,66.10833333333333,50.57500000000001,35.425,14.416666666666664,5.916666666666668,1.2166666666666666,28.508333333333322,0.0
168,16,99.90833333333332,90.8483333333333,77.84166666666667,56.125,63.87333333333331,56.125,66.51666666666667,51.22500000000001,35.48333333333333,14.5,5.969166666666666,1.2333333333333334,28.50583333333332,0.0
169,18,99.69166666666666,90.6991666666666,77.21666666666667,55.95,64.1758333333333,55.95,67.10833333333333,51.94166666666669,35.63333333333333,14.491666666666667,5.993333333333332,1.25,28.505833333333324,0.0
170,19,99.59166666666668,90.6291666666666,77.21666666666667,56.125,64.2808333333333,56.125,67.29166666666667,52.27750000000002,35.958333333333336,14.541666666666664,6.010833333333332,1.25,28.50666666666665,0.0
171,20,99.45833333333331,90.54333333333328,77.23333333333333,56.38333333333333,64.44249999999997,56.38333333333333,67.53333333333333,52.68666666666669,36.40833333333333,14.591666666666667,6.0408333333333335,1.25,28.50583333333332,0.0
172,21,99.29166666666669,90.43333333333332,77.2,56.71666666666667,64.66916666666664,56.71666666666667,67.875,53.166666666666686,36.891666666666666,14.65,6.075833333333334,1.25,28.504999999999985,0.0
173,22,99.14166666666668,90.30916666666664,77.16666666666667,56.99166666666667,64.87083333333331,56.99166666666667,68.35,53.64666666666669,37.266666666666666,14.7,6.114166666666666,1.2583333333333333,28.504166666666652,0.0
174,23,98.96666666666668,90.16833333333332,77.09166666666667,57.25,65.06666666666665,57.25,68.8,54.12000000000002,37.7,14.725,6.152500000000002,1.2583333333333333,28.50333333333332,0.0
175,25,98.44166666666666,89.82333333333332,77.60833333333333,58.11666666666667,65.46583333333331,58.11666666666667,69.85,55.249166666666696,38.9,14.816666666666665,6.227500000000001,1.2583333333333333,28.50333333333332,0.0
176,26,98.19166666666666,89.63833333333332,77.53333333333333,58.31666666666667,65.62666666666664,58.31666666666667,70.375,55.800000000000026,39.458333333333336,14.841666666666667,6.2525,1.275,28.50333333333332,0.0
177,27,97.925,89.43666666666665,77.45833333333333,58.53333333333333,65.7683333333333,58.53333333333333,70.88333333333334,56.34250000000004,40.00833333333333,14.85,6.254166666666666,1.275,28.503333333333316,0.0
178,28,97.7,89.24749999999996,77.33333333333333,58.85,66.01583333333332,58.85,71.425,56.8991666666667,40.5,14.825,6.2425000000000015,1.275,28.50333333333332,0.0
179,29,97.49166666666666,89.07999999999998,77.25833333333334,59.15,66.27,59.15,71.98333333333333,57.49000000000004,41.00833333333333,14.791666666666664,6.232500000000001,1.275,28.504166666666652,0.0
180,1,96.875,88.64749999999998,77.1,60.08333333333334,66.96249999999999,60.08333333333334,73.36666666666666,59.21916666666671,42.73333333333333,14.633333333333333,6.124166666666668,1.2583333333333333,28.504166666666645,0.0
181,3,96.49166666666666,88.22333333333331,76.84166666666667,60.64166666666666,67.53583333333331,60.64166666666666,74.68333333333334,60.5641666666667,43.875,14.625,6.079166666666668,1.2083333333333333,28.503333333333316,0.0
182,4,96.28333333333332,88.02999999999999,76.70833333333333,60.94166666666667,67.83083333333332,60.94166666666667,75.34166666666667,61.25083333333339,44.5,14.558333333333335,6.0341666666666685,1.1916666666666669,28.50249999999998,0.0
183,5,96.09166666666668,87.86333333333332,76.6,61.25833333333333,68.12833333333332,61.25833333333333,76.0,61.878333333333366,45.00833333333333,14.483333333333333,5.99416666666667,1.1666666666666667,28.501666666666647,0.0
184,6,95.85833333333332,87.68749999999999,76.49166666666666,61.575,68.40333333333334,61.575,76.65,62.53500000000004,45.675,14.741666666666667,5.975000000000003,1.1666666666666667,28.500833333333308,0.0
185,8,95.41666666666669,87.36,76.30833333333334,62.09166666666667,68.86916666666666,62.09166666666667,77.84166666666667,63.75083333333339,46.84166666666667,14.675,5.932500000000003,1.1666666666666667,28.504999999999978,0.0
186,9,95.225,87.19666666666667,76.21666666666667,62.375,69.11583333333333,62.375,78.38333333333334,64.33750000000005,47.34166666666667,14.65,5.9266666666666685,1.1833333333333331,28.504166666666645,0.0
187,11,94.8,86.87750000000004,76.06666666666666,62.925,69.58416666666666,62.925,79.5,65.51666666666671,48.45833333333334,14.566666666666665,5.900000000000002,1.2,28.484166666666642,0.0
188,12,94.575,86.7016666666667,75.975,63.19166666666667,69.81833333333333,63.19166666666667,80.05833333333334,66.11333333333337,48.99166666666667,14.65,5.901666666666667,1.2,28.484166666666642,0.0
189,13,94.38333333333334,86.51833333333337,75.85,63.45833333333334,70.03333333333332,63.45833333333334,80.675,66.69500000000004,49.45833333333334,14.641666666666667,5.889166666666667,1.2,28.483333333333306,0.0
190,15,93.91666666666669,86.13916666666671,75.025,63.41666666666666,70.48499999999997,63.41666666666666,81.89166666666667,67.91000000000004,49.98333333333333,14.55,5.840833333333333,1.175,28.484999999999967,0.0
191,16,93.69166666666666,85.98000000000003,74.95,63.66666666666666,70.72083333333332,63.66666666666666,82.48333333333333,68.5141666666667,50.58333333333334,14.566666666666665,5.841666666666668,1.175,28.484166666666635,0.0
192,17,93.51666666666668,85.8166666666667,74.84166666666667,63.89166666666666,70.93499999999997,63.89166666666666,83.075,69.08166666666669,51.06666666666667,14.575,5.846666666666668,1.175,28.484166666666635,0.0
193,18,93.30833333333334,85.6316666666667,74.71666666666667,64.11666666666666,71.10749999999999,64.11666666666666,83.59166666666667,69.62583333333336,51.56666666666667,14.6,5.8275000000000015,1.175,28.484999999999967,0.0
194,19,93.08333333333331,85.4541666666667,74.59166666666667,64.34166666666667,71.30416666666662,64.34166666666667,84.09166666666667,70.17333333333337,52.025,14.566666666666665,5.823333333333334,1.175,28.4858333333333,0.0
195,20,92.875,85.2858333333334,74.48333333333333,64.56666666666666,71.48916666666666,64.56666666666666,84.60833333333333,70.6991666666667,52.44166666666667,15.016666666666667,5.8133333333333335,1.175,28.486666666666636,0.0
196,22,92.475,84.94750000000008,74.98333333333333,65.43333333333334,71.90166666666663,65.43333333333334,85.625,71.79333333333334,53.375,14.841666666666667,5.713333333333334,1.1333333333333333,28.493333333333286,0.0
197,23,92.28333333333332,84.76833333333343,74.85,65.66666666666667,72.10999999999996,65.66666666666667,86.16666666666669,72.33250000000002,53.8,14.8,5.6925,1.1166666666666667,28.494166666666626,0.0
198,24,92.05833333333334,84.56333333333343,74.71666666666667,65.93333333333334,72.33999999999995,65.93333333333334,86.81666666666666,72.93250000000002,54.34166666666667,14.766666666666667,5.660833333333334,1.0916666666666666,28.495833333333287,0.0
199,25,91.78333333333332,84.33500000000008,74.575,66.23333333333333,72.56749999999995,66.23333333333333,87.375,73.57666666666667,54.94166666666667,14.708333333333336,5.625000000000001,1.0916666666666666,28.49833333333329,0.0
200,27,91.35,83.96166666666673,73.7,66.05833333333334,72.81916666666662,66.05833333333334,88.30833333333334,74.55250000000002,55.29166666666666,14.675,5.6258333333333335,1.0916666666666666,28.504166666666627,0.0
201,29,90.93333333333334,83.57583333333338,73.425,66.36666666666666,73.04749999999996,66.36666666666666,89.225,75.55416666666669,56.08333333333334,14.5,5.572500000000002,1.0916666666666666,28.508333333333287,0.0
202,30,90.70833333333331,83.3916666666667,73.3,66.56666666666666,73.18999999999997,66.56666666666666,89.625,76.04583333333336,56.5,14.483333333333333,5.549166666666666,1.075,28.510833333333302,0.0
203,1,90.51666666666668,83.23750000000003,73.16666666666667,66.69166666666666,73.27916666666664,66.69166666666666,90.025,76.44333333333338,56.84166666666667,14.466666666666667,5.535833333333334,1.075,28.5133333333333,0.0
204,4,89.875,82.71833333333333,73.50833333333334,67.575,73.60416666666666,67.575,91.225,77.72916666666674,57.95833333333334,14.358333333333333,5.437499999999999,1.075,28.520833333333307,0.0
205,6,89.5,82.47666666666669,73.30833333333334,67.73333333333333,73.71416666666666,67.73333333333333,91.84166666666668,78.31250000000007,58.49166666666667,14.191666666666665,5.367499999999998,1.075,28.524166666666645,0.0
206,7,89.325,82.32833333333333,73.21666666666667,67.85,73.7875,67.85,92.04166666666669,78.65000000000005,58.75833333333333,14.133333333333333,5.339999999999999,1.075,28.54583333333332,0.0
207,9,89.05833333333334,82.05833333333334,72.93333333333334,67.96666666666667,73.88666666666667,67.96666666666667,92.65833333333332,79.25083333333338,59.25,14.033333333333333,5.255833333333332,1.05,28.550833333333326,0.0
208,11,88.74166666666666,81.73916666666669,72.625,68.01666666666667,73.96333333333334,68.01666666666667,93.39166666666668,79.8816666666667,59.65,12.858333333333333,5.117499999999996,1.0166666666666666,28.555833333333325,0.0
209,13,88.44166666666666,81.47416666666666,72.4,67.98333333333333,73.9875,67.98333333333333,93.95,80.36750000000005,60.075,12.725,5.02583333333333,1.0166666666666666,28.56166666666666,0.0
210,14,88.325,81.32916666666667,72.21666666666667,67.85,73.91666666666666,67.85,94.2,80.4966666666667,60.05,12.641666666666667,4.9741666666666635,1.0166666666666666,28.56416666666666,0.0
211,15,88.19166666666666,81.19333333333333,72.05,67.85,73.89833333333331,67.85,94.45,80.69666666666669,60.19166666666667,12.55,4.92833333333333,1.0166666666666666,28.566666666666666,0.0
212,16,88.05833333333334,81.04416666666667,71.88333333333334,67.875,73.89749999999998,67.875,94.775,80.94666666666667,60.375,12.491666666666667,4.886666666666665,1.0166666666666666,28.57,0.0
213,17,87.925,80.885,71.71666666666667,67.875,73.90333333333331,67.875,95.15,81.22666666666667,60.53333333333333,12.416666666666664,4.83333333333333,1.0,28.57333333333333,0.0
214,18,87.79166666666669,80.76666666666667,71.625,67.89166666666667,73.89916666666664,67.89166666666667,95.23333333333332,81.46416666666667,60.75833333333333,12.358333333333333,4.787499999999997,0.9833333333333332,28.576666666666664,0.0
215,22,87.24166666666666,80.42166666666667,71.43333333333334,67.86666666666666,73.80416666666662,67.86666666666666,95.40833333333332,81.91333333333333,61.6,12.258333333333333,4.7241666666666635,0.95,28.592500000000005,0.0
216,23,87.125,80.30416666666666,71.33333333333333,67.79166666666667,73.73916666666666,67.79166666666667,95.44166666666666,81.99666666666664,61.75833333333333,12.208333333333336,4.7033333333333305,0.95,28.593333333333334,0.0
217,31,86.625,79.90249999999997,71.65833333333333,68.03333333333333,73.42166666666667,68.03333333333333,95.28333333333332,82.10249999999995,62.51666666666666,11.891666666666667,4.396666666666663,0.85,28.616666666666678,0.0
218,1,86.625,79.87249999999997,71.60833333333333,67.99166666666666,73.37499999999999,67.99166666666666,95.33333333333331,82.04999999999997,62.375,11.091666666666667,4.31833333333333,0.825,28.61916666666668,0.0
219,3,86.625,79.84249999999999,71.51666666666667,67.825,73.25916666666666,67.825,95.19166666666666,81.81249999999996,62.1,10.883333333333333,4.16833333333333,0.775,28.62750000000002,0.0
220,4,86.60833333333332,79.81916666666666,71.48333333333333,67.725,73.19916666666667,67.725,95.14166666666668,81.71499999999995,61.90833333333333,10.8,4.10583333333333,0.7333333333333333,28.630833333333353,0.0
221,5,86.59166666666668,79.78166666666667,71.425,67.625,73.1275,67.625,95.14166666666668,81.6233333333333,61.75,10.708333333333334,4.054166666666664,0.7333333333333333,28.633333333333358,0.0
222,7,86.54166666666669,79.69249999999998,71.34166666666667,67.45,73.00500000000002,67.45,95.04166666666669,81.52499999999995,61.55,10.533333333333333,3.946666666666663,0.7,28.638333333333374,0.0
223,8,86.48333333333332,79.6275,71.26666666666667,67.31666666666666,72.93083333333334,67.31666666666666,95.08333333333331,81.49249999999998,61.54166666666666,10.5,3.8966666666666634,0.6583333333333333,28.64000000000004,0.0
224,10,86.28333333333332,79.42166666666667,71.05,67.1,72.74500000000002,67.1,94.98333333333332,81.5133333333333,61.45,10.366666666666667,3.8141666666666634,0.6,28.644166666666713,0.0
225,11,86.175,79.31750000000002,70.925,66.99166666666666,72.65583333333333,66.99166666666666,95.075,81.53249999999998,61.48333333333333,10.283333333333333,3.7741666666666647,0.5833333333333334,28.646666666666714,0.0
226,12,86.06666666666666,79.185,70.8,66.86666666666666,72.56083333333333,66.86666666666666,95.11666666666666,81.60583333333331,61.46666666666667,10.25,3.741666666666665,0.5666666666666667,28.649166666666712,0.0
227,13,85.925,79.02749999999997,70.625,66.79166666666667,72.46750000000002,66.79166666666667,95.31666666666666,81.73416666666664,61.49166666666667,10.225,3.7158333333333315,0.5666666666666667,28.651666666666713,0.0
228,14,85.775,78.855,70.45,66.675,72.36333333333336,66.675,95.46666666666668,81.8633333333333,61.50833333333333,10.2,3.697499999999998,0.55,28.65416666666671,0.0
229,15,85.625,78.73083333333331,70.33333333333333,66.54166666666667,72.24333333333334,66.54166666666667,95.41666666666669,81.85499999999998,61.53333333333333,10.141666666666667,3.672499999999998,0.55,28.657500000000052,0.0
230,17,85.45833333333333,78.5683333333333,70.125,66.21666666666667,71.96,66.21666666666667,95.26666666666668,81.54749999999997,61.25,10.083333333333334,3.6733333333333316,0.55,28.664166666666713,0.0
231,18,85.4,78.47249999999995,69.99166666666666,66.025,71.7808333333333,66.025,95.125,81.35249999999998,61.04166666666666,10.108333333333333,3.6849999999999983,0.55,28.666666666666718,0.0
232,20,85.21666666666667,78.23749999999995,69.675,65.64166666666667,71.46916666666667,65.64166666666667,95.06666666666666,81.18499999999997,60.66666666666666,9.666666666666666,3.6624999999999983,0.55,28.673333333333378,0.0
233,21,85.10833333333333,78.11583333333328,69.55,65.51666666666667,71.3475,65.51666666666667,95.05833333333334,81.16499999999998,60.60833333333333,9.625,3.647499999999998,0.55,28.67666666666672,0.0
234,22,85.03333333333333,78.04916666666662,70.075,65.99166666666666,71.225,65.99166666666666,94.95833333333331,81.035,60.94166666666667,9.55,3.6208333333333313,0.55,28.679166666666713,0.0
235,24,85.05,77.95499999999996,69.89166666666667,65.7,70.9525,65.7,94.80833333333334,80.58666666666666,60.18333333333333,9.4,3.504166666666665,0.4916666666666666,28.685833333333377,0.0
236,25,85.09166666666667,77.91833333333328,69.775,65.525,70.8108333333333,65.525,94.70833333333331,80.31166666666667,59.69166666666667,9.341666666666667,3.4616666666666656,0.4666666666666667,28.68916666666671,0.0
237,26,85.09166666666667,77.86749999999994,69.65833333333333,65.39166666666667,70.68499999999997,65.39166666666667,94.60833333333332,80.11166666666666,59.34166666666667,9.283333333333333,3.4124999999999988,0.425,28.693333333333374,0.0
238,27,85.15,77.84916666666662,69.55833333333334,65.28333333333333,70.5825,65.28333333333333,94.50833333333334,79.88499999999998,58.98333333333333,9.216666666666667,3.3508333333333327,0.36666666666666653,28.69666666666671,0.0
239,28,85.225,77.84083333333328,69.475,65.175,70.49166666666666,65.175,94.40833333333332,79.6725,58.625,9.133333333333333,3.2825,0.3416666666666667,28.699166666666713,0.0
240,29,85.25,77.79499999999993,69.38333333333334,65.06666666666666,70.38666666666667,65.06666666666666,94.35833333333332,79.50916666666666,58.31666666666667,9.091666666666667,3.245833333333333,0.325,28.702500000000047,0.0
241,1,85.3,77.71583333333331,68.65833333333333,64.34166666666667,70.16333333333334,64.34166666666667,94.25833333333334,79.10083333333333,57.31666666666667,8.958333333333334,3.1558333333333337,0.2833333333333333,28.709166666666714,0.0
242,2,85.3,77.66416666666666,68.56666666666666,64.225,70.05916666666667,64.225,94.15833333333332,78.95416666666667,57.1,8.908333333333333,3.106666666666668,0.2833333333333333,28.712500000000038,0.0
243,3,85.31666666666666,77.61166666666666,68.46666666666667,64.09166666666667,69.94083333333333,64.09166666666667,94.15833333333332,78.7725,56.79166666666666,8.858333333333333,3.0766666666666675,0.2833333333333333,28.71666666666671,0.0
244,4,85.31666666666666,77.54916666666666,68.36666666666666,63.88333333333333,69.77499999999999,63.88333333333333,93.975,78.51416666666667,56.46666666666667,8.816666666666666,3.047500000000001,0.26666666666666666,28.721666666666714,0.0
245,5,85.3,77.46749999999996,68.19166666666666,63.61666666666667,69.53749999999998,63.61666666666667,93.83333333333331,78.16249999999998,55.99166666666667,8.725,3.0000000000000013,0.2416666666666667,28.726666666666713,0.0
246,6,85.31666666666666,77.39999999999995,68.04166666666667,63.4,69.34916666666666,63.4,93.68333333333334,77.85583333333331,55.53333333333333,8.641666666666667,2.919166666666668,0.19166666666666668,28.742500000000053,0.0
247,8,85.24166666666666,77.20666666666666,67.73333333333333,63.01666666666666,68.97833333333332,63.01666666666666,93.48333333333332,77.40333333333331,54.86666666666667,8.533333333333333,2.860833333333335,0.19166666666666668,28.750000000000053,0.0
248,9,85.16666666666667,77.09249999999999,67.55,62.85,68.8225,62.85,93.475,77.30333333333331,54.68333333333333,8.508333333333333,2.8341666666666687,0.19166666666666668,28.752500000000047,0.0
249,10,85.09166666666667,76.97,67.38333333333334,62.7,68.68,62.7,93.51666666666668,77.2525,54.525,8.45,2.7891666666666683,0.175,28.75500000000005,0.0
250,11,85.09166666666667,76.90666666666667,67.25,62.55,68.54916666666668,62.55,93.46666666666668,77.0758333333333,54.28333333333333,8.408333333333333,2.7475000000000023,0.15,28.757500000000054,0.0
251,12,85.11666666666666,76.86083333333333,67.11666666666666,62.41666666666666,68.43333333333335,62.41666666666666,93.41666666666669,76.88749999999997,53.96666666666667,8.416666666666666,2.7325000000000017,0.125,28.75916666666671,0.0
252,13,85.075,76.80833333333334,67.66666666666667,62.925,68.35666666666667,62.925,93.31666666666666,76.8283333333333,54.41666666666666,8.383333333333333,2.702500000000002,0.10833333333333334,28.761666666666713,0.0
253,15,84.95833333333333,76.65916666666666,68.125,63.33333333333334,68.20416666666668,63.33333333333334,93.31666666666666,76.82249999999998,54.725,8.375,2.675000000000002,0.10833333333333334,28.766666666666712,0.0
254,16,84.81666666666666,76.53249999999998,68.00833333333334,63.225,68.10750000000002,63.225,93.30833333333334,76.87916666666666,54.86666666666667,8.341666666666667,2.653333333333335,0.10833333333333334,28.769166666666713,0.0
255,17,84.70833333333333,76.43249999999995,67.89166666666667,63.075,67.98416666666668,63.075,93.20833333333331,76.79916666666666,54.85,8.291666666666666,2.640833333333335,0.10833333333333334,28.771666666666714,0.0
256,18,84.61666666666666,76.3208333333333,67.74166666666666,62.90833333333333,67.85000000000002,62.90833333333333,93.15833333333332,76.72083333333332,54.75,8.216666666666667,2.5966666666666685,0.10833333333333334,28.77500000000005,0.0
257,19,84.55833333333334,76.22166666666664,67.60833333333333,62.725,67.70250000000003,62.725,93.1,76.59666666666666,54.56666666666667,8.175,2.5591666666666684,0.10833333333333334,28.77750000000004,0.0
258,20,84.48333333333333,76.12999999999995,67.475,62.58333333333334,67.58000000000003,62.58333333333334,93.05,76.51416666666667,54.50833333333333,8.1,2.5100000000000025,0.1,28.780000000000037,0.0
259,22,84.4,75.9883333333333,67.225,62.26666666666666,67.31666666666669,62.26666666666666,93.04166666666669,76.21000000000002,54.125,7.933333333333334,2.4133333333333358,0.1,28.78500000000004,0.0
260,23,84.41666666666667,75.93416666666661,67.125,62.09166666666667,67.18500000000003,62.09166666666667,92.99166666666666,76.00666666666669,53.75833333333333,7.8916666666666675,2.3766666666666683,0.1,28.787500000000037,0.0
261,24,84.41666666666667,75.88749999999997,67.00833333333334,61.96666666666667,67.08666666666669,61.96666666666667,92.94166666666666,75.86583333333336,53.525,7.908333333333332,2.3491666666666675,0.08333333333333333,28.79000000000004,0.0
262,26,84.29166666666667,75.74916666666662,66.80833333333334,61.6,66.88500000000002,61.6,92.89166666666668,75.70583333333337,53.1,8.15,2.3341666666666674,0.08333333333333333,28.795000000000037,0.0
263,27,84.18333333333334,75.59749999999995,66.58333333333333,61.225,66.55250000000002,61.225,92.575,75.30333333333334,52.69166666666667,8.15,2.353333333333334,0.08333333333333333,28.797500000000035,0.0
264,29,84.00833333333334,75.27249999999997,66.06666666666666,60.54166666666666,65.94583333333337,60.54166666666666,92.31666666666666,74.63833333333334,51.775,8.183333333333334,2.3775,0.08333333333333333,28.80500000000003,0.0
265,30,83.9,75.13916666666663,65.80833333333334,60.25833333333333,65.67416666666671,60.25833333333333,92.16666666666669,74.30916666666667,51.41666666666666,8.191666666666666,2.38,0.08333333333333333,28.807500000000037,0.0
266,31,83.78333333333333,75.01249999999997,65.65833333333333,60.025,65.4891666666667,60.025,92.06666666666666,74.13833333333334,51.19166666666667,8.191666666666666,2.409166666666666,0.1,28.810000000000034,0.0
