,Price Date,Modal Price (Rs./Quintal),Temp_Max,Temp_Avg,Temp_Min,Dew_Max,Dew_Avg,Dew_Min,Humid_Max,Humid_Avg,Humid_Min,Wind_Max,Wind_Avg,Wind_Min,Pressure_Avg,Precipitation_Total
0,2,460,86.17619047619047,78.7038095238094,69.84285714285714,63.49523809523809,66.67428571428562,63.49523809523809,89.22857142857143,70.45904761904755,52.62857142857143,7.109523809523809,4.4385714285714215,2.2,0.0,0.0
1,3,450,85.99047619047619,78.51238095238081,69.64285714285714,63.37619047619047,66.54809523809513,63.37619047619047,89.31904761904762,70.58285714285708,52.76666666666666,7.109523809523809,4.429047619047613,2.185714285714285,0.0,0.0
2,4,500,85.82857142857142,78.32666666666654,69.43333333333334,63.22380952380952,66.39190476190467,63.22380952380952,89.41904761904762,70.6509523809523,52.76190476190475,7.085714285714285,4.413333333333327,2.1904761904761907,0.0,0.0
3,5,480,85.66190476190476,78.15285714285702,69.26666666666667,63.0952380952381,66.24428571428561,63.0952380952381,89.41904761904762,70.68809523809517,52.823809523809516,7.09047619047619,4.40619047619047,2.1809523809523808,0.0,0.0
4,7,500,85.31904761904762,77.82904761904747,68.96666666666667,62.88571428571429,65.99285714285703,62.88571428571429,89.40952380952379,70.80809523809519,53.023809523809526,7.1047619047619035,4.409999999999992,2.1952380952380954,0.0,0.0
5,8,510,85.1047619047619,77.6185714285713,68.77142857142857,62.8,65.89285714285704,62.8,89.6047619047619,70.99857142857135,53.2,7.071428571428571,4.374285714285707,2.1809523809523808,0.0,0.0
6,9,490,84.89047619047619,77.39571428571412,68.53333333333333,62.74761904761905,65.80809523809513,62.74761904761905,89.8857142857143,71.21761904761897,53.38095238095239,7.038095238095237,4.333809523809516,2.142857142857143,0.0,0.0
7,10,500,84.6952380952381,77.202857142857,68.31904761904761,62.680952380952384,65.7257142857142,62.680952380952384,90.16666666666669,71.3814285714285,53.50476190476191,6.990476190476191,4.2928571428571365,2.1142857142857143,0.0,0.0
8,11,510,84.51904761904763,76.97571428571416,68.03333333333333,62.6,65.65571428571421,62.6,90.52857142857141,71.61619047619041,53.57619047619048,6.9523809523809526,4.241904761904754,2.057142857142857,0.0,0.0
9,12,500,84.33809523809524,76.79238095238081,67.83809523809525,62.538095238095245,65.57952380952372,62.538095238095245,90.7761904761905,71.7861904761904,53.728571428571435,6.9,4.204761904761898,2.0476190476190474,0.0,0.0
10,14,510,83.97619047619048,76.42047619047605,67.48571428571428,62.31428571428572,65.3599999999999,62.31428571428572,91.09047619047621,72.04809523809517,53.92857142857143,6.842857142857143,4.178095238095231,2.057142857142857,0.0,0.0
11,15,520,83.8047619047619,76.23238095238081,67.29523809523809,62.214285714285715,65.23380952380943,62.214285714285715,91.03809523809522,72.12999999999994,54.014285714285705,6.852380952380952,4.1766666666666605,2.0619047619047617,0.0,0.0
12,16,515,83.60952380952381,76.02619047619035,67.07619047619048,62.109523809523814,65.10666666666657,62.109523809523814,91.1952380952381,72.26428571428566,54.0952380952381,6.847619047619048,4.164761904761898,2.0523809523809518,0.0,0.0
13,17,550,83.40952380952379,75.80476190476176,66.84285714285714,62.0,65.00666666666658,62.0,91.40476190476191,72.46190476190469,54.219047619047615,6.819047619047619,4.149523809523802,2.0476190476190474,0.0,0.0
14,18,540,83.2,75.60238095238081,66.63809523809523,61.938095238095244,64.91952380952371,61.938095238095244,91.6,72.62761904761898,54.38095238095239,6.8047619047619055,4.145714285714278,2.0476190476190474,0.0,0.0
15,19,555,83.03333333333333,75.40619047619033,66.41428571428571,61.823809523809516,64.81571428571421,61.823809523809516,91.84285714285713,72.79904761904754,54.49523809523809,6.761904761904763,4.1066666666666585,2.019047619047619,0.0,0.0
16,21,530,82.73809523809524,75.0785714285713,66.03809523809525,61.676190476190484,64.66571428571419,61.676190476190484,92.26190476190477,73.11809523809517,54.64285714285714,6.761904761904763,4.086190476190469,1.9857142857142855,0.0,0.0
17,22,520,82.6047619047619,74.9538095238094,65.90952380952379,61.6,64.555238095238,61.6,92.24761904761904,73.14476190476185,54.75714285714286,6.742857142857143,4.066190476190469,1.9666666666666663,0.0,0.0
18,23,600,82.46666666666667,74.80523809523795,65.76666666666667,61.48095238095239,64.43761904761895,61.48095238095239,92.24761904761904,73.2257142857142,54.823809523809516,6.738095238095237,4.052857142857136,1.9428571428571428,0.0,0.0
19,24,640,82.32857142857142,74.66666666666654,65.63809523809523,61.35238095238096,64.31333333333325,61.35238095238096,92.24761904761904,73.26380952380946,54.97619047619048,6.719047619047619,4.029999999999993,1.9190476190476191,0.0,0.0
20,25,650,82.2,74.53095238095226,65.50476190476189,61.219047619047615,64.16571428571419,61.219047619047615,92.24761904761904,73.22333333333326,54.871428571428574,6.738095238095237,4.0323809523809455,1.9,0.0,0.0
21,26,640,82.05238095238096,74.36619047619035,65.34285714285714,61.038095238095245,63.97190476190467,61.038095238095245,92.24761904761904,73.1461904761904,54.64285714285714,6.738095238095237,4.039523809523804,1.9142857142857144,0.0,0.0
22,28,680,81.75238095238095,74.03809523809511,64.95714285714286,60.66190476190477,63.59428571428562,60.66190476190477,92.24761904761904,73.00904761904755,54.35238095238096,6.7285714285714295,4.014285714285709,1.880952380952381,0.0,0.0
23,29,600,81.58571428571429,73.86571428571416,64.75714285714285,60.48095238095239,63.40238095238087,60.48095238095239,92.24761904761904,72.95333333333326,54.3047619047619,6.7142857142857135,4.00619047619047,1.8666666666666667,0.0,0.0
24,30,550,81.44761904761904,73.70476190476178,64.54761904761905,60.26666666666666,63.19333333333324,60.26666666666666,92.24761904761904,72.83666666666662,54.08095238095239,6.7142857142857135,3.996666666666661,1.8666666666666667,0.0,0.0
25,31,510,81.31428571428572,73.56571428571417,64.40952380952379,60.1,63.01333333333324,60.1,92.1904761904762,72.73047619047614,53.97142857142857,6.7142857142857135,3.990952380952375,1.8666666666666667,0.0,0.0
26,2,530,80.98571428571428,73.2547619047618,64.14285714285714,59.89523809523809,62.7566666666666,59.89523809523809,92.11428571428571,72.82523809523802,54.30952380952381,6.7,3.9980952380952326,1.8952380952380952,0.0,0.0
27,4,540,80.62857142857143,72.86285714285702,63.76666666666666,59.64285714285714,62.476666666666596,59.64285714285714,92.11428571428571,73.05333333333328,54.647619047619045,6.6761904761904765,4.003809523809519,1.9190476190476191,0.0,0.0
28,5,510,80.48571428571428,72.7199999999999,63.61904761904761,59.514285714285705,62.34809523809516,59.514285714285705,92.11428571428571,73.08190476190471,54.70952380952381,6.671428571428572,3.9942857142857098,1.9095238095238096,0.0,0.0
29,6,500,80.39047619047619,72.62619047619036,63.51904761904761,59.414285714285704,62.24476190476182,59.414285714285704,92.11428571428571,73.05333333333328,54.62380952380953,6.671428571428572,4.000476190476186,1.9142857142857144,0.0,0.0
30,7,560,80.28095238095239,72.53238095238083,63.42857142857143,59.323809523809516,62.150952380952305,59.323809523809516,92.11428571428571,73.0533333333333,54.62380952380953,6.719047619047619,4.042380952380947,1.9428571428571428,0.0,0.0
31,8,580,80.18571428571428,72.43142857142846,63.295238095238105,59.13333333333333,61.96428571428563,59.13333333333333,92.11428571428571,72.85666666666664,54.323809523809516,6.723809523809524,4.048571428571424,1.9523809523809523,0.0,0.0
32,9,590,80.09047619047621,72.30761904761894,63.13809523809525,58.952380952380956,61.791904761904675,58.952380952380956,92.11428571428571,72.73047619047617,54.047619047619044,6.7666666666666675,4.070952380952376,1.9714285714285715,0.0,0.0
33,11,600,79.83333333333333,72.04428571428559,62.828571428571436,58.61428571428571,61.43999999999993,58.61428571428571,92.11428571428571,72.48476190476188,53.68571428571428,6.7476190476190485,4.052857142857139,1.9619047619047616,0.0,0.0
34,12,610,79.70952380952382,71.9138095238094,62.680952380952384,58.46666666666667,61.27999999999993,58.46666666666667,92.11428571428571,72.4038095238095,53.62380952380953,6.738095238095237,4.039999999999996,1.957142857142857,0.0,0.0
35,13,600,79.59047619047621,71.79904761904751,62.538095238095245,58.34285714285714,61.15095238095231,58.34285714285714,92.11428571428571,72.36047619047616,53.62380952380953,6.7142857142857135,4.019523809523806,1.9380952380952379,0.0,0.0
36,14,590,79.48095238095237,71.70476190476181,62.452380952380956,58.25714285714286,61.071428571428505,58.25714285714286,92.11428571428571,72.39619047619045,53.69047619047619,6.761904761904763,4.042380952380948,1.9428571428571428,0.0,0.0
37,15,520,79.39047619047619,71.62142857142848,62.36190476190475,58.16666666666666,60.969047619047565,58.16666666666666,92.11428571428571,72.33571428571426,53.57142857142857,6.7476190476190485,4.03380952380952,1.9380952380952379,0.0,0.0
38,16,530,79.28571428571429,71.50238095238086,62.23809523809525,58.042857142857144,60.83904761904756,58.042857142857144,92.11428571428571,72.29904761904757,53.47142857142857,6.7857142857142865,4.057619047619045,1.9428571428571428,0.0,0.0
39,18,510,79.14285714285714,71.30761904761896,61.97142857142857,57.75238095238095,60.571904761904705,57.75238095238095,92.11428571428571,72.10857142857141,53.2,6.7904761904761894,4.057142857142853,1.9142857142857144,0.0,0.0
40,19,540,79.08571428571429,71.23999999999991,61.88571428571429,57.61904761904761,60.446666666666616,57.61904761904761,92.04761904761904,71.98571428571427,53.05238095238095,6.7857142857142865,4.056666666666663,1.9142857142857144,0.0,0.0
41,20,570,79.02380952380952,71.17333333333323,61.80952380952381,57.542857142857144,60.37238095238092,57.542857142857144,92.04761904761904,71.96190476190473,52.98095238095239,6.814285714285713,4.075714285714283,1.9285714285714288,0.0,0.0
42,21,530,79.02857142857142,71.16380952380943,61.76666666666666,57.48095238095239,60.31714285714283,57.48095238095239,92.04761904761904,71.84476190476188,52.819047619047616,6.819047619047619,4.077142857142854,1.9333333333333331,0.0,0.0
43,22,540,78.98095238095237,71.13428571428561,61.75238095238095,57.36666666666667,60.224285714285685,57.36666666666667,91.94761904761904,71.68142857142854,52.60476190476191,6.847619047619048,4.104285714285711,1.957142857142857,0.0,0.0
44,23,560,78.89047619047619,71.03904761904752,61.64285714285714,57.214285714285715,60.08476190476188,57.214285714285715,91.88571428571429,71.57523809523808,52.47142857142857,6.866666666666666,4.11380952380952,1.9619047619047616,0.0,0.0
45,25,520,78.75714285714284,70.84047619047607,61.37619047619047,56.961904761904755,59.857619047619025,56.961904761904755,92.04761904761904,71.53285714285714,52.219047619047615,6.866666666666666,4.0957142857142825,1.9285714285714288,0.0,0.0
46,26,540,78.66190476190476,70.74333333333324,61.26666666666666,56.85238095238096,59.75761904761903,56.85238095238096,92.04761904761904,71.52571428571426,52.147619047619045,6.8619047619047615,4.0957142857142825,1.9285714285714288,0.0,0.0
47,27,530,78.53809523809524,70.62523809523798,61.180952380952384,56.76666666666666,59.67095238095235,56.76666666666666,92.04761904761904,71.60761904761905,52.29047619047619,6.904761904761906,4.119047619047617,1.9285714285714288,0.0,0.0
48,28,525,78.43809523809523,70.51571428571418,61.047619047619044,56.61428571428571,59.53285714285711,56.61428571428571,92.06666666666666,71.54190476190476,52.180952380952384,6.8952380952380965,4.0995238095238085,1.9095238095238096,0.0,0.0
49,2,520,78.23333333333333,70.31238095238085,60.819047619047616,56.33809523809524,59.28666666666666,56.33809523809524,92.12380952380951,71.47571428571429,52.05714285714286,6.8809523809523805,4.098095238095237,1.9190476190476191,0.0,0.0
50,4,540,78.10952380952381,70.12904761904754,60.585714285714296,56.15714285714286,59.122857142857114,56.15714285714286,92.18095238095238,71.53952380952381,52.00952380952381,6.90952380952381,4.115714285714286,1.9333333333333331,0.0,0.0
51,5,530,78.03333333333333,70.07428571428562,60.56666666666667,56.0,58.96095238095237,56.0,91.86666666666666,71.32523809523809,51.84285714285714,6.928571428571429,4.144285714285713,1.9714285714285715,0.0,0.0
52,6,520,77.96190476190476,69.99761904761897,60.46666666666667,55.83809523809524,58.82238095238093,55.83809523809524,91.86666666666666,71.21571428571428,51.680952380952384,6.938095238095237,4.156190476190475,1.9857142857142855,0.0,0.0
53,7,540,77.8952380952381,69.90238095238088,60.319047619047616,55.671428571428564,58.68190476190475,55.671428571428564,91.86666666666666,71.14047619047619,51.50952380952381,6.919047619047619,4.1466666666666665,1.9809523809523808,0.0,0.0
54,8,530,77.82857142857142,69.78571428571422,60.12857142857143,55.50952380952381,58.55952380952379,55.50952380952381,92.05714285714286,71.1595238095238,51.35714285714285,6.933333333333334,4.150476190476188,1.9761904761904765,0.0,0.0
55,9,550,77.8,69.7214285714285,60.014285714285705,55.14285714285714,58.371428571428545,55.14285714285714,92.05714285714286,70.98904761904762,51.00952380952381,6.933333333333334,4.1409523809523785,1.9523809523809523,0.0,0.0
56,11,560,77.71904761904761,69.57952380952375,59.828571428571436,54.83333333333334,58.11333333333332,54.83333333333334,91.8952380952381,70.79,50.680952380952384,6.957142857142857,4.1480952380952365,1.957142857142857,0.0,0.0
57,12,560,77.67619047619047,69.52952380952374,59.76190476190475,54.69047619047619,58.00238095238093,54.69047619047619,91.84285714285713,70.66476190476193,50.5,6.976190476190476,4.1657142857142855,1.9761904761904765,0.0,0.0
58,13,570,77.6047619047619,69.47571428571422,59.719047619047615,54.55238095238095,57.86761904761904,54.55238095238095,91.62380952380951,70.46095238095239,50.30952380952381,6.9523809523809526,4.1776190476190465,2.0,0.0,0.0
59,14,610,77.52857142857142,69.42904761904758,59.7,54.44285714285714,57.75333333333333,54.44285714285714,91.3952380952381,70.29523809523809,50.23333333333333,7.0095238095238095,4.2419047619047605,2.0761904761904764,0.0,0.0
60,15,640,77.39047619047619,69.31333333333328,59.61904761904761,54.34285714285714,57.64952380952379,54.34285714285714,91.33809523809522,70.31428571428572,50.3,7.0095238095238095,4.249999999999999,2.0904761904761906,0.0,0.0
61,16,650,77.31904761904762,69.20952380952376,59.485714285714295,54.13809523809525,57.48619047619048,54.13809523809525,91.37619047619049,70.23666666666666,50.0952380952381,7.023809523809524,4.260476190476189,2.0904761904761906,0.0,0.0
62,18,610,77.14761904761905,69.06190476190471,59.34761904761905,53.87619047619047,57.241904761904756,53.87619047619047,91.16190476190478,70.03142857142858,49.952380952380956,7.047619047619048,4.289999999999999,2.1238095238095243,0.0,0.0
63,19,600,76.70476190476191,68.65095238095235,58.97142857142857,53.5,56.859523809523814,53.5,90.68571428571428,69.6347619047619,49.63333333333333,7.014285714285713,4.269523809523808,2.1142857142857143,0.0,0.0
64,20,650,76.27619047619048,68.2423809523809,58.59047619047619,53.13333333333333,56.48333333333333,53.13333333333333,90.20952380952382,69.24666666666666,49.319047619047616,6.980952380952381,4.257619047619047,2.1142857142857143,0.0,0.0
65,22,540,75.46190476190476,67.4533333333333,57.823809523809516,52.38571428571429,55.71523809523809,52.38571428571429,89.29523809523809,68.35952380952381,48.47619047619048,6.914285714285715,4.204285714285714,2.0761904761904764,0.0,0.0
66,23,650,75.04761904761905,67.06047619047617,57.44761904761905,52.00952380952381,55.330476190476176,52.00952380952381,88.81904761904762,67.90714285714284,48.0952380952381,6.8761904761904775,4.175714285714285,2.0619047619047617,0.0,0.0
67,25,600,74.50952380952381,66.56142857142854,56.99047619047619,51.542857142857144,54.84333333333333,51.542857142857144,88.29047619047618,67.46285714285712,47.74761904761905,6.8047619047619055,4.125238095238095,2.0285714285714285,0.0,0.0
68,26,610,74.43333333333334,66.47428571428567,56.9,51.42857142857143,54.72666666666667,51.42857142857143,88.29047619047618,67.38428571428571,47.62380952380953,6.809523809523809,4.135714285714286,2.0428571428571427,0.0,0.0
69,27,580,74.36666666666666,66.4228571428571,56.86190476190475,51.328571428571436,54.625238095238096,51.328571428571436,88.1142857142857,67.24857142857141,47.51904761904761,6.795238095238094,4.126190476190477,2.0428571428571427,0.0,0.0
70,28,550,73.93809523809523,66.00857142857139,56.47142857142857,50.94761904761905,54.239523809523796,50.94761904761905,87.63809523809523,66.85,47.16190476190477,6.7666666666666675,4.1104761904761915,2.038095238095238,0.0,0.0
71,29,560,73.53333333333333,65.61571428571425,56.09047619047619,50.57142857142857,53.860952380952384,50.57142857142857,87.18095238095238,66.42142857142856,46.771428571428565,6.742857142857143,4.090000000000002,2.0285714285714285,0.0,0.0
72,30,580,73.61904761904762,65.71666666666661,56.204761904761895,50.42380952380952,53.70619047619047,50.42380952380952,86.79523809523809,66.05333333333333,46.44285714285714,6.680952380952381,4.054285714285714,2.009523809523809,0.0,0.0
73,2,600,72.43333333333334,64.56428571428567,55.08095238095239,49.30952380952381,52.58809523809524,49.30952380952381,85.44285714285714,64.89809523809525,45.61904761904761,6.580952380952381,3.9947619047619063,1.9809523809523808,0.0,0.0
74,3,620,72.03809523809524,64.18095238095233,54.714285714285715,48.952380952380956,52.224761904761905,48.952380952380956,85.0,64.48857142857143,45.25238095238095,6.533333333333332,3.971904761904763,1.9761904761904765,0.0,0.0
75,4,610,71.63333333333334,63.80476190476186,54.36190476190475,48.60476190476191,51.87000000000001,48.60476190476191,84.54285714285714,64.07761904761904,44.89523809523809,6.485714285714287,3.941904761904763,1.9666666666666663,0.0,0.0
76,5,600,71.21904761904761,63.414285714285676,54.0,48.25238095238095,51.50571428571429,48.25238095238095,84.09047619047621,63.67523809523809,44.538095238095245,6.461904761904763,3.9276190476190487,1.957142857142857,0.0,0.0
77,6,600,70.80952380952381,63.019047619047576,53.61904761904761,47.97619047619048,51.16857142857143,47.97619047619048,83.69047619047619,63.35142857142856,44.34285714285714,6.4,3.875238095238096,1.9142857142857144,0.0,0.0
78,8,610,70.01428571428572,62.26047619047616,52.89523809523809,47.29047619047619,50.46238095238096,47.29047619047619,82.82857142857142,62.55238095238095,43.609523809523814,6.342857142857143,3.8323809523809538,1.8904761904761904,0.0,0.0
79,9,600,69.61428571428571,61.86666666666664,52.50952380952381,46.93333333333333,50.09904761904763,46.93333333333333,82.43333333333334,62.1652380952381,43.23333333333333,6.3047619047619055,3.797619047619049,1.8571428571428568,0.0,0.0
80,10,620,69.54761904761905,61.827142857142846,52.49523809523809,46.88571428571429,50.04809523809526,46.88571428571429,82.34285714285714,62.13190476190477,43.25714285714286,6.261904761904763,3.7657142857142873,1.8333333333333333,0.0,0.0
81,11,600,69.12380952380953,61.431904761904754,52.13333333333333,46.52857142857143,49.688571428571464,46.52857142857143,81.89047619047619,61.75428571428571,42.938095238095244,6.223809523809524,3.7323809523809537,1.8047619047619048,0.0,0.0
82,13,600,68.66666666666667,61.039047619047615,51.81428571428572,46.11428571428571,49.26238095238097,46.11428571428571,81.18095238095238,61.26333333333334,42.58571428571429,6.1952380952380945,3.7190476190476205,1.809523809523809,0.0,0.0
83,15,620,67.80476190476189,60.22809523809523,51.08095238095239,45.43333333333333,48.569047619047645,45.43333333333333,80.31428571428572,60.61809523809524,42.05714285714286,6.1190476190476195,3.650952380952383,1.7523809523809524,0.0,0.0
84,16,625,67.73333333333333,60.18857142857142,51.09047619047619,45.404761904761905,48.524761904761924,45.404761904761905,80.18095238095238,60.59666666666667,42.128571428571426,6.142857142857142,3.68904761904762,1.8047619047619048,0.0,0.0
85,17,610,67.29047619047618,59.77761904761904,50.73333333333333,45.09047619047619,48.18285714285717,45.09047619047619,79.73333333333333,60.288095238095245,41.923809523809524,6.1047619047619035,3.6723809523809536,1.8047619047619048,0.0,0.0
86,19,620,66.86666666666666,59.469047619047615,50.74285714285714,44.647619047619045,47.76095238095239,44.647619047619045,79.21904761904761,59.920000000000016,41.80952380952381,5.7857142857142865,3.5747619047619064,1.7904761904761906,0.0,0.0
87,20,620,66.79047619047618,59.40380952380952,50.68571428571428,44.61428571428571,47.727619047619044,44.61428571428571,79.29047619047618,60.010476190476204,41.92857142857143,5.723809523809524,3.5271428571428585,1.7523809523809524,0.0,0.0
88,22,600,66.40952380952379,59.05857142857143,50.371428571428574,44.20952380952381,47.30285714285714,44.20952380952381,78.6047619047619,59.40571428571429,41.41904761904762,5.633333333333334,3.4485714285714293,1.7,0.0,0.0
89,23,620,65.99047619047619,58.66571428571428,50.00476190476191,43.871428571428574,46.95761904761907,43.871428571428574,78.14761904761905,59.05571428571431,41.142857142857146,5.576190476190477,3.4176190476190484,1.6904761904761905,0.0,0.0
90,24,640,65.94761904761904,58.658571428571435,50.038095238095245,43.83809523809524,46.91333333333335,43.83809523809524,77.92857142857143,58.96047619047621,41.15238095238095,5.561904761904762,3.406666666666668,1.680952380952381,0.0,0.0
91,25,660,65.51428571428572,58.25,49.680952380952384,43.51904761904761,46.5714285714286,43.51904761904761,77.48095238095237,58.64952380952384,40.93333333333333,5.5285714285714285,3.3933333333333344,1.6761904761904762,0.0,0.0
92,26,700,65.56190476190476,58.273809523809526,49.6952380952381,43.42857142857143,46.510476190476204,43.42857142857143,77.37619047619047,58.56000000000003,40.804761904761904,5.542857142857144,3.407619047619048,1.6857142857142855,0.0,0.0
93,27,720,65.47142857142858,58.23095238095239,49.728571428571435,43.41904761904761,46.490000000000016,43.41904761904761,77.23333333333333,58.576666666666696,40.91904761904762,5.514285714285713,3.3942857142857146,1.680952380952381,0.0,0.0
94,29,720,65.29047619047618,58.13047619047619,49.75238095238095,43.323809523809516,46.354285714285744,43.323809523809516,76.87142857142857,58.46333333333335,40.99047619047619,5.466666666666668,3.3723809523809534,1.6857142857142855,0.0,0.0
95,30,730,65.38571428571429,58.181428571428576,49.76666666666666,43.171428571428564,46.25285714285717,43.171428571428564,76.71904761904761,58.274761904761924,40.76190476190476,5.471428571428572,3.381904761904763,1.6952380952380952,0.0,0.0
96,2,720,64.49047619047619,57.37380952380954,49.08095238095239,42.63333333333333,45.65047619047622,42.63333333333333,75.98571428571428,57.78666666666669,40.46190476190476,5.376190476190477,3.3423809523809536,1.6857142857142855,0.0,0.0
97,3,710,64.48095238095237,57.40952380952383,49.18571428571428,42.57142857142857,45.5814285714286,42.57142857142857,75.67619047619047,57.634285714285745,40.4,5.414285714285715,3.3947619047619058,1.7476190476190476,0.0,0.0
98,4,720,64.03809523809525,57.03000000000002,48.86190476190475,42.26190476190476,45.26380952380955,42.26190476190476,75.24761904761905,57.31047619047621,40.204761904761895,5.404761904761906,3.3885714285714297,1.7476190476190476,0.0,0.0
99,6,710,63.871428571428574,56.965238095238114,48.93333333333333,42.04285714285713,45.01000000000002,42.04285714285713,74.65238095238095,56.98047619047622,40.114285714285714,5.385714285714287,3.4028571428571435,1.7809523809523808,0.0,0.0
100,7,730,63.85714285714285,57.00571428571429,49.042857142857144,42.01428571428571,44.95380952380955,42.01428571428571,74.4,56.854285714285744,40.1,5.390476190476191,3.4252380952380963,1.8142857142857145,0.0,0.0
101,8,750,63.87619047619047,57.06761904761907,49.16666666666666,41.90952380952381,44.844285714285746,41.90952380952381,74.07619047619048,56.65428571428575,39.99047619047619,5.4,3.4514285714285724,1.8571428571428568,0.0,0.0
102,9,700,63.89523809523809,57.08285714285716,49.18571428571428,41.81428571428572,44.753809523809565,41.81428571428572,73.88095238095238,56.50285714285716,39.86190476190476,5.3952380952380965,3.4404761904761916,1.8428571428571427,0.0,0.0
103,14,730,63.014285714285705,56.39904761904764,48.81428571428572,41.266666666666666,44.11428571428574,41.266666666666666,72.69047619047619,55.884285714285724,39.73809523809524,5.3809523809523805,3.4733333333333336,1.9190476190476191,0.0,0.0
104,15,710,63.0,56.43809523809526,48.91904761904761,41.34285714285714,44.18333333333335,41.34285714285714,72.59523809523809,55.92571428571429,39.86666666666667,5.390476190476191,3.495714285714286,1.9523809523809523,0.0,0.0
105,16,720,62.55238095238095,56.05000000000002,48.609523809523814,41.09047619047619,43.90333333333336,41.09047619047619,72.2,55.6814285714286,39.74761904761905,5.357142857142857,3.4766666666666666,1.9428571428571428,0.0,0.0
106,17,700,62.11904761904761,55.67476190476192,48.3047619047619,40.84285714285714,43.642380952380975,40.84285714285714,71.8952380952381,55.46476190476192,39.60476190476191,5.333333333333333,3.463333333333333,1.9380952380952379,0.0,0.0
107,18,720,62.042857142857144,55.644761904761936,48.33809523809524,40.87142857142858,43.661428571428594,40.87142857142858,71.88571428571429,55.560952380952386,39.77142857142857,5.323809523809524,3.4571428571428573,1.9380952380952379,0.0,0.0
108,20,710,62.038095238095245,55.65761904761908,48.38095238095239,40.84761904761905,43.66761904761907,40.84761904761905,71.82380952380953,55.57666666666668,39.819047619047616,5.3047619047619055,3.4533333333333336,1.9333333333333331,0.0,0.0
109,21,730,61.99047619047619,55.67761904761907,48.47142857142857,40.90952380952381,43.704285714285724,40.90952380952381,71.70476190476191,55.59333333333336,39.957142857142856,5.3,3.4509523809523817,1.9380952380952379,0.0,0.0
110,22,720,61.952380952380956,55.70142857142859,48.57142857142857,41.0,43.74714285714289,41.0,71.59523809523809,55.60285714285716,40.109523809523814,5.285714285714286,3.454285714285714,1.947619047619048,0.0,0.0
111,23,710,61.90952380952381,55.714285714285744,48.64285714285714,41.114285714285714,43.838571428571434,41.114285714285714,71.64285714285714,55.7361904761905,40.333333333333336,5.261904761904762,3.4376190476190485,1.9380952380952379,0.0,0.0
112,24,730,61.904761904761905,55.75809523809526,48.74285714285714,41.204761904761895,43.91000000000001,41.204761904761895,71.56666666666666,55.77761904761907,40.452380952380956,5.261904761904762,3.4480952380952385,1.9523809523809523,0.0,0.0
113,25,720,61.871428571428574,55.774761904761924,48.819047619047616,41.266666666666666,43.955238095238116,41.266666666666666,71.50952380952381,55.83000000000001,40.614285714285714,5.276190476190476,3.4704761904761914,1.9809523809523808,0.0,0.0
114,27,740,61.871428571428574,55.84238095238097,48.97619047619048,41.31428571428572,43.986190476190494,41.31428571428572,71.24285714285716,55.75000000000002,40.67142857142857,5.271428571428571,3.4776190476190485,1.9952380952380957,0.0,0.0
115,28,730,61.985714285714295,55.945714285714324,49.061904761904756,41.214285714285715,43.92904761904763,41.214285714285715,71.06666666666666,55.56666666666668,40.52857142857143,5.319047619047619,3.496666666666667,1.9952380952380957,0.0,0.0
116,29,780,61.97619047619048,55.97428571428575,49.13333333333333,41.195238095238096,43.89904761904764,41.195238095238096,70.86190476190477,55.441428571428574,40.49047619047619,5.309523809523808,3.4933333333333336,1.9952380952380957,0.0,0.0
117,30,800,61.94761904761905,56.00047619047622,49.22380952380952,41.2,43.88809523809525,41.2,70.67142857142858,55.361428571428576,40.52857142857143,5.309523809523808,3.4957142857142864,2.0,0.0,0.0
118,31,810,61.938095238095244,56.0514285714286,49.34285714285714,41.17142857142857,43.8452380952381,41.17142857142857,70.39047619047619,55.216190476190484,40.50952380952381,5.295238095238095,3.4933333333333336,2.0047619047619047,0.0,0.0
119,3,780,62.15238095238095,56.33000000000002,49.6952380952381,41.295238095238105,43.939047619047614,41.295238095238105,69.9,54.93952380952382,40.4,5.238095238095238,3.4871428571428567,2.057142857142857,0.0,0.0
120,4,800,61.77619047619048,56.0014285714286,49.40952380952381,41.10476190476191,43.71523809523811,41.10476190476191,69.55238095238096,54.70380952380954,40.27142857142857,5.180952380952381,3.4595238095238097,2.0476190476190474,0.0,0.0
121,5,810,61.819047619047616,56.10714285714289,49.5952380952381,41.22857142857143,43.81857142857143,41.22857142857143,69.43809523809524,54.70857142857145,40.32857142857143,5.166666666666667,3.462857142857143,2.0619047619047617,0.0,0.0
122,6,800,61.91904761904761,56.24142857142859,49.77619047619048,41.357142857142854,43.924285714285716,41.357142857142854,69.30476190476189,54.668095238095255,40.37142857142858,5.171428571428573,3.468571428571429,2.071428571428572,0.0,0.0
123,7,810,61.93333333333333,56.32380952380954,49.91904761904761,41.457142857142856,43.99571428571429,41.457142857142856,69.13333333333334,54.62666666666668,40.49523809523809,5.185714285714286,3.4876190476190483,2.095238095238096,0.0,0.0
124,8,820,61.961904761904755,56.416666666666686,50.07619047619048,41.58095238095238,44.105238095238114,41.58095238095238,69.04285714285714,54.657619047619065,40.66190476190477,5.180952380952381,3.4909523809523817,2.1047619047619053,0.0,0.0
125,10,810,61.65714285714286,56.204761904761924,49.96666666666667,41.35238095238096,43.84285714285715,41.35238095238096,68.44761904761904,54.23619047619048,40.44285714285714,5.171428571428573,3.5004761904761916,2.128571428571429,0.0,0.0
126,11,820,61.65238095238095,56.26285714285717,50.09047619047619,41.4,43.867619047619044,41.4,68.23333333333333,54.167142857142856,40.50952380952381,5.142857142857143,3.488571428571429,2.128571428571429,0.0,0.0
127,12,840,61.74761904761905,56.392380952380975,50.24285714285714,41.44285714285714,43.90333333333334,41.44285714285714,68.06190476190476,54.04095238095239,40.44761904761905,5.142857142857143,3.495714285714286,2.1523809523809523,0.0,0.0
128,13,830,61.8047619047619,56.47428571428575,50.36190476190475,41.46666666666667,43.92476190476191,41.46666666666667,67.87142857142857,53.93238095238095,40.39523809523809,5.142857142857143,3.4966666666666666,2.1523809523809523,0.0,0.0
129,14,840,61.84285714285714,56.56095238095242,50.49047619047619,41.54285714285713,43.97809523809524,41.54285714285713,67.65714285714286,53.85857142857142,40.452380952380956,5.109523809523808,3.4871428571428567,2.157142857142857,0.0,0.0
130,15,830,61.94285714285714,56.68809523809526,50.65714285714286,41.609523809523814,44.03380952380954,41.609523809523814,67.45714285714286,53.749047619047616,40.423809523809524,5.133333333333334,3.5109523809523817,2.176190476190476,0.0,0.0
131,17,850,61.62380952380953,56.4661904761905,50.538095238095245,41.41904761904762,43.83000000000001,41.41904761904762,66.9047619047619,53.371428571428574,40.24285714285714,5.128571428571429,3.533333333333333,2.223809523809524,0.0,0.0
132,18,840,61.62857142857143,56.524285714285746,50.65714285714286,41.50476190476191,43.90619047619048,41.50476190476191,66.83333333333333,53.41285714285715,40.404761904761905,5.123809523809523,3.5485714285714285,2.2523809523809524,0.0,0.0
133,19,850,61.63333333333333,56.56714285714289,50.73809523809525,41.623809523809534,44.02285714285715,41.623809523809534,66.93333333333334,53.59619047619048,40.67142857142857,5.142857142857143,3.5604761904761917,2.257142857142857,0.0,0.0
134,20,860,61.60476190476191,56.598095238095276,50.83809523809524,41.73809523809524,44.1252380952381,41.73809523809524,66.97142857142858,53.775714285714294,40.98571428571429,5.138095238095239,3.5604761904761917,2.261904761904762,0.0,0.0
135,21,870,61.60476190476191,56.65285714285717,50.952380952380956,41.88095238095238,44.25714285714286,41.88095238095238,67.02380952380952,53.966190476190484,41.295238095238105,5.1190476190476195,3.5580952380952384,2.2666666666666666,0.0,0.0
136,22,880,61.23809523809525,56.34476190476193,50.6952380952381,41.66666666666666,44.031904761904755,41.66666666666666,66.69047619047619,53.70571428571429,41.128571428571426,5.061904761904762,3.5309523809523813,2.257142857142857,0.0,0.0
137,24,875,61.36666666666667,56.58238095238097,51.05238095238095,41.92857142857143,44.27333333333334,41.92857142857143,66.51428571428572,53.71238095238096,41.319047619047616,5.1047619047619035,3.6047619047619053,2.347619047619048,0.0,0.0
138,25,890,61.461904761904755,56.70000000000002,51.1952380952381,42.05714285714286,44.387619047619054,42.05714285714286,66.49523809523811,53.70857142857143,41.357142857142854,5.109523809523808,3.610476190476191,2.3523809523809525,0.0,0.0
139,26,880,61.51904761904761,56.78904761904764,51.328571428571436,42.16190476190477,44.487619047619056,42.16190476190477,66.42857142857143,53.74190476190477,41.46666666666667,5.1,3.611904761904762,2.361904761904762,0.0,0.0
140,27,885,61.609523809523814,56.90666666666669,51.47142857142857,42.280952380952385,44.592380952380964,42.280952380952385,66.38571428571429,53.711904761904755,41.49523809523809,5.1,3.622380952380953,2.376190476190476,0.0,0.0
141,28,880,61.704761904761895,57.06380952380954,51.68571428571428,42.37142857142858,44.664761904761924,42.37142857142858,66.1190476190476,53.55000000000001,41.48571428571429,5.1,3.64,2.4047619047619047,0.0,0.0
142,29,820,61.795238095238105,57.21000000000002,51.88095238095239,42.46190476190476,44.741904761904784,42.46190476190476,65.84761904761905,53.41666666666668,41.50476190476191,5.123809523809523,3.6852380952380948,2.4571428571428573,0.0,0.0
143,2,830,62.07142857142857,57.60714285714289,52.4,42.804761904761904,45.08666666666667,42.804761904761904,65.56666666666666,53.358095238095245,41.72380952380952,5.142857142857143,3.73,2.519047619047619,0.0,0.0
144,3,840,62.12857142857143,57.72238095238097,52.57619047619048,42.94761904761905,45.217619047619046,42.94761904761905,65.46190476190475,53.37714285714286,41.88095238095238,5.128571428571429,3.726190476190476,2.523809523809524,0.0,0.0
145,4,830,62.1952380952381,57.851904761904784,52.76190476190475,43.085714285714296,45.34,43.085714285714296,65.33809523809525,53.35571428571429,42.00952380952381,5.133333333333334,3.7452380952380953,2.5523809523809518,0.0,0.0
146,5,830,62.23809523809525,57.951904761904785,52.91904761904761,43.24285714285714,45.483809523809526,43.24285714285714,65.33809523809525,53.47095238095239,42.25714285714286,5.142857142857143,3.7628571428571433,2.5761904761904764,0.0,0.0
147,6,820,61.890476190476186,57.66619047619049,52.6952380952381,43.01904761904761,45.240952380952386,43.01904761904761,64.86190476190477,53.102857142857154,42.047619047619044,5.133333333333334,3.758095238095238,2.5761904761904764,0.0,0.0
148,8,825,62.023809523809526,57.88142857142858,52.99523809523809,43.33333333333334,45.53380952380954,43.33333333333334,64.86190476190477,53.314761904761895,42.50476190476191,5.152380952380953,3.79,2.619047619047619,0.0,0.0
149,9,830,62.07619047619048,57.977619047619065,53.13809523809525,43.47619047619048,45.66714285714287,43.47619047619048,64.86190476190477,53.414761904761896,42.74761904761905,5.161904761904762,3.807619047619048,2.642857142857143,0.0,0.0
150,10,820,62.171428571428564,58.079047619047635,53.24761904761905,43.595238095238095,45.786190476190484,43.595238095238095,64.86190476190477,53.47333333333332,42.84285714285714,5.161904761904762,3.818571428571429,2.6619047619047618,0.0,0.0
151,11,825,62.3047619047619,58.21380952380953,53.39523809523809,43.74761904761905,45.93571428571429,43.74761904761905,64.86190476190477,53.522380952380935,42.86666666666667,5.180952380952381,3.843809523809524,2.6952380952380954,0.0,0.0
152,12,830,62.4,58.32333333333334,53.523809523809526,43.90952380952381,46.085714285714296,43.90952380952381,64.86190476190477,53.63190476190476,43.01904761904761,5.1952380952380945,3.8452380952380953,2.685714285714285,0.0,0.0
153,13,840,62.48095238095239,58.434285714285714,53.68571428571428,44.05714285714286,46.22523809523811,44.05714285714286,64.79047619047618,53.6952380952381,43.16190476190477,5.204761904761905,3.867619047619048,2.7142857142857144,0.0,0.0
154,15,835,62.66666666666666,58.66666666666668,53.97619047619048,44.34285714285714,46.49142857142858,44.34285714285714,64.66190476190475,53.784285714285716,43.371428571428574,5.261904761904762,3.9104761904761918,2.747619047619048,0.0,0.0
155,16,830,62.77619047619048,58.80714285714286,54.147619047619045,44.514285714285705,46.663809523809526,44.514285714285705,64.66190476190475,53.862857142857145,43.52857142857143,5.261904761904762,3.9128571428571433,2.747619047619048,0.0,0.0
156,17,840,62.86190476190475,58.91523809523812,54.29047619047619,44.68571428571428,46.82571428571429,44.68571428571428,64.66190476190475,54.00238095238095,43.780952380952385,5.261904761904762,3.9214285714285713,2.761904761904762,0.0,0.0
157,18,850,62.53333333333333,58.65095238095239,54.09047619047619,44.485714285714295,46.61000000000002,44.485714285714295,64.18571428571428,53.64857142857142,43.57619047619048,5.247619047619048,3.915238095238096,2.761904761904762,0.0,0.0
158,19,880,62.61904761904761,58.780952380952385,54.27619047619048,44.680952380952384,46.797142857142866,44.680952380952384,64.18571428571428,53.797619047619044,43.84285714285714,5.252380952380952,3.923333333333333,2.771428571428572,0.0,0.0
159,20,860,62.30952380952381,58.50476190476193,54.05238095238095,44.48095238095239,46.581428571428575,44.48095238095239,63.70952380952381,53.4752380952381,43.63809523809525,5.228571428571429,3.9104761904761918,2.7666666666666666,0.0,0.0
160,22,855,61.680952380952384,57.96523809523811,53.62380952380953,44.061904761904756,46.12666666666668,44.061904761904756,62.75714285714286,52.753809523809515,43.13333333333333,5.190476190476192,3.8909523809523816,2.7666666666666666,0.0,0.0
161,23,850,61.8,58.11428571428571,53.819047619047616,44.25238095238095,46.32047619047621,44.25238095238095,62.73809523809525,52.86952380952381,43.31428571428572,5.190476190476192,3.906190476190476,2.795238095238095,0.0,0.0
162,24,840,61.93333333333333,58.26285714285714,54.00476190476191,44.45714285714285,46.5252380952381,44.45714285714285,62.73809523809525,53.01714285714285,43.52857142857143,5.190476190476192,3.91,2.8,0.0,0.0
163,25,845,62.014285714285705,58.40809523809524,54.214285714285715,44.66666666666666,46.714285714285715,44.66666666666666,62.73809523809525,53.132380952380956,43.81428571428572,5.180952380952381,3.914761904761905,2.8142857142857145,0.0,0.0
164,26,840,62.0952380952381,58.52095238095239,54.371428571428574,44.83809523809524,46.88571428571429,44.83809523809524,62.8,53.30047619047618,44.061904761904756,5.1571428571428575,3.905238095238096,2.8190476190476192,0.0,0.0
165,27,835,61.78571428571429,58.248095238095246,54.16190476190477,44.676190476190484,46.7,44.676190476190484,62.323809523809516,53.02571428571427,43.914285714285704,5.128571428571429,3.8923809523809516,2.8190476190476192,0.0,0.0
166,29,840,61.97142857142857,58.53857142857144,54.57619047619048,45.09047619047619,47.07476190476191,45.09047619047619,62.323809523809516,53.24666666666666,44.36666666666667,5.152380952380953,3.9323809523809516,2.8714285714285714,0.0,0.0
167,30,820,62.07142857142857,58.6847619047619,54.771428571428565,45.28571428571429,47.260476190476204,45.28571428571429,62.323809523809516,53.35380952380952,44.61904761904761,5.161904761904762,3.953809523809523,2.8952380952380947,0.0,0.0
168,31,820,61.75238095238095,58.41571428571428,54.561904761904756,45.07619047619048,47.034285714285716,45.07619047619048,61.84761904761905,52.99285714285714,44.390476190476186,5.133333333333334,3.9428571428571435,2.8952380952380947,0.0,0.0
169,2,825,61.542857142857144,58.29619047619048,54.53333333333333,45.05714285714286,47.000952380952384,45.05714285714286,61.371428571428574,52.741428571428564,44.38095238095239,5.1047619047619035,3.936666666666667,2.9047619047619047,0.0,0.0
170,3,830,61.22380952380952,58.018571428571434,54.29047619047619,44.84761904761905,46.76761904761905,44.84761904761905,60.89523809523809,52.38047619047618,44.14285714285715,5.066666666666666,3.92,2.9,0.0,0.0
171,5,825,60.61904761904761,57.47666666666667,53.81428571428572,44.37619047619047,46.27952380952382,44.37619047619047,59.952380952380956,51.587619047619036,43.52857142857143,4.971428571428572,3.855238095238095,2.861904761904762,0.0,0.0
172,6,830,60.714285714285715,57.61333333333333,53.99523809523809,44.55714285714286,46.448571428571434,44.55714285714286,59.952380952380956,51.68142857142857,43.719047619047615,4.961904761904762,3.8623809523809527,2.8761904761904757,0.0,0.0
173,7,830,60.40952380952381,57.35380952380952,53.780952380952385,44.34285714285714,46.22714285714286,44.34285714285714,59.47619047619048,51.31,43.452380952380956,4.914285714285715,3.8395238095238082,2.8666666666666667,0.0,0.0
174,8,825,60.538095238095245,57.514285714285705,53.99523809523809,44.51904761904761,46.40000000000001,44.51904761904761,59.33809523809524,51.330476190476176,43.561904761904756,4.938095238095238,3.8790476190476175,2.914285714285714,0.0,0.0
175,9,800,60.61428571428571,57.64619047619048,54.19047619047619,44.714285714285715,46.581904761904774,44.714285714285715,59.33809523809524,51.45761904761904,43.85238095238096,4.971428571428572,3.9276190476190473,2.9714285714285715,0.0,0.0
176,10,810,60.72380952380952,57.789047619047615,54.390476190476186,44.914285714285704,46.777142857142856,44.914285714285704,59.33809523809524,51.60047619047618,44.06666666666667,5.0,3.957619047619047,3.0047619047619047,0.0,0.0
177,12,780,60.51904761904761,57.65571428571429,54.33809523809524,44.938095238095244,46.75476190476191,44.938095238095244,58.86190476190475,51.4052380952381,44.06666666666667,4.976190476190476,3.9552380952380948,3.0190476190476185,0.0,0.0
178,13,725,60.22380952380952,57.40809523809524,54.147619047619045,44.76666666666666,46.5652380952381,44.76666666666666,58.457142857142856,51.08857142857143,43.85714285714285,4.928571428571429,3.936190476190476,3.0142857142857142,0.0,0.0
179,14,730,59.914285714285704,57.15571428571429,53.961904761904755,44.585714285714296,46.37333333333334,44.585714285714296,57.98095238095239,50.75523809523809,43.671428571428564,4.9,3.9266666666666663,3.0142857142857142,0.0,0.0
180,16,780,59.6952380952381,57.02333333333333,53.961904761904755,44.585714285714296,46.335238095238104,44.585714285714296,57.50476190476191,50.53476190476189,43.66190476190477,4.904761904761905,3.953809523809524,3.0619047619047617,0.0,0.0
181,17,780,59.36190476190475,56.748095238095225,53.75714285714286,44.38095238095239,46.099523809523824,44.38095238095239,57.02857142857143,50.164285714285704,43.404761904761905,4.8809523809523805,3.945238095238096,3.0619047619047617,0.0,0.0
182,19,750,59.404761904761905,56.890952380952385,54.00476190476191,44.65238095238095,46.33619047619048,44.65238095238095,57.05238095238095,50.40809523809524,43.94761904761905,4.8047619047619055,3.915238095238096,3.066666666666667,0.0,0.0
183,20,730,59.09047619047619,56.59333333333333,53.72380952380952,44.37619047619047,46.05761904761905,44.37619047619047,56.59047619047619,49.987619047619035,43.585714285714296,4.780952380952381,3.9019047619047615,3.0619047619047617,0.0,0.0
184,21,710,59.180952380952384,56.70047619047618,53.83809523809524,44.49047619047619,46.167142857142856,44.49047619047619,56.59047619047619,49.990952380952386,43.63809523809525,4.766666666666667,3.89952380952381,3.071428571428572,0.0,0.0
185,22,730,59.24285714285714,56.79238095238095,53.94761904761905,44.6,46.259047619047614,44.6,56.59047619047619,49.990952380952386,43.63809523809525,4.757142857142857,3.89952380952381,3.0761904761904764,0.0,0.0
186,23,720,59.33809523809524,56.89809523809522,54.061904761904756,44.714285714285715,46.37666666666666,44.714285714285715,56.59047619047619,50.03142857142856,43.74285714285714,4.723809523809524,3.8790476190476193,3.071428571428572,0.0,0.0
187,24,725,59.44285714285714,57.037619047619046,54.219047619047615,44.890476190476186,46.54666666666666,44.890476190476186,56.59047619047619,50.110952380952384,43.98095238095239,4.7,3.86,3.0523809523809518,0.0,0.0
188,26,750,59.65238095238095,57.327619047619045,54.61428571428571,45.28571428571429,46.91571428571428,45.28571428571429,56.59047619047619,50.327619047619045,44.43333333333333,4.638095238095239,3.843333333333333,3.071428571428572,0.0,0.0
189,27,770,59.76666666666666,57.46571428571429,54.79047619047619,45.461904761904755,47.09666666666666,45.461904761904755,56.59047619047619,50.42857142857143,44.64285714285715,4.6190476190476195,3.8290476190476186,3.071428571428572,0.0,0.0
190,28,780,59.87619047619047,57.60380952380952,54.97142857142857,45.647619047619045,47.27857142857143,45.647619047619045,56.59047619047619,50.5247619047619,44.84761904761905,4.628571428571429,3.8395238095238082,3.071428571428572,0.0,0.0
191,29,790,59.938095238095244,57.7,55.10476190476191,45.80952380952381,47.43333333333333,45.80952380952381,56.647619047619045,50.681904761904775,45.1,4.6,3.823809523809524,3.066666666666667,0.0,0.0
192,30,750,60.0,57.78428571428571,55.22380952380952,45.952380952380956,47.57142857142857,45.952380952380956,56.70952380952381,50.83095238095239,45.3,4.576190476190477,3.801428571428572,3.0476190476190474,0.0,0.0013333333333333335
193,31,740,60.13809523809525,57.926190476190484,55.36190476190475,46.09047619047619,47.69904761904761,46.09047619047619,56.70952380952381,50.79047619047619,45.219047619047615,4.547619047619048,3.7809523809523813,3.0380952380952384,0.0,0.0013333333333333335
194,2,730,60.34285714285714,58.214285714285715,55.704761904761895,46.43333333333333,47.999047619047616,46.43333333333333,56.70952380952381,50.82619047619048,45.36190476190475,4.542857142857144,3.7690476190476185,3.0190476190476185,0.0,0.007333333333333333
195,3,780,60.438095238095244,58.32238095238095,55.83333333333334,46.55238095238095,48.10380952380952,46.55238095238095,56.6952380952381,50.81428571428572,45.371428571428574,4.542857142857144,3.7714285714285714,3.0190476190476185,0.0,0.007333333333333333
196,4,750,60.485714285714295,58.39238095238096,55.93333333333333,46.65238095238095,48.18333333333333,46.65238095238095,56.6952380952381,50.84285714285714,45.457142857142856,4.519047619047619,3.752380952380952,3.009523809523809,0.0,0.007333333333333333
197,5,760,60.53333333333333,58.45761904761904,56.01904761904761,46.73809523809525,48.24857142857143,46.73809523809525,56.6952380952381,50.84285714285714,45.457142857142856,4.4523809523809526,3.7033333333333336,2.9809523809523815,0.0,0.007333333333333333
198,6,740,60.204761904761895,58.16095238095239,55.771428571428565,46.547619047619044,48.037619047619046,46.547619047619044,56.219047619047615,50.56333333333333,45.280952380952385,4.419047619047619,3.673333333333334,2.9571428571428573,0.0,0.007333333333333333
199,7,745,59.89523809523809,57.891904761904755,55.547619047619044,46.34761904761905,47.81714285714285,46.34761904761905,55.74285714285714,50.21333333333333,45.08095238095239,4.3619047619047615,3.640000000000001,2.933333333333333,0.0,0.007333333333333333
200,9,740,59.271428571428565,57.31380952380953,55.061904761904756,45.890476190476186,47.334761904761905,45.890476190476186,54.79047619047619,49.52904761904761,44.58095238095239,4.319047619047619,3.6128571428571434,2.9190476190476184,0.0,0.007333333333333333
201,12,720,58.26190476190475,56.368571428571435,54.22380952380952,45.085714285714296,46.495714285714286,45.085714285714296,53.36190476190475,48.39333333333334,43.66666666666666,4.204761904761905,3.54952380952381,2.8952380952380947,0.0,0.007333333333333333
202,13,710,58.328571428571436,56.44,54.31428571428572,45.176190476190484,46.57666666666666,45.176190476190484,53.36190476190475,48.42523809523809,43.728571428571435,4.204761904761905,3.5485714285714285,2.8952380952380947,0.0,0.007904761904761906
203,14,725,58.404761904761905,56.54095238095239,54.438095238095244,45.29047619047619,46.679047619047616,45.29047619047619,53.33809523809524,48.430952380952384,43.79047619047619,4.166666666666667,3.523333333333334,2.8809523809523814,0.0,0.007904761904761906
204,16,720,58.457142857142856,56.67571428571429,54.680952380952384,45.561904761904756,46.900476190476176,45.561904761904756,53.33809523809524,48.66190476190477,44.22380952380952,4.1047619047619035,3.482857142857143,2.8761904761904757,0.0,0.007904761904761906
205,17,720,58.5,56.724285714285706,54.75238095238095,45.7,47.03047619047618,45.7,53.404761904761905,48.84761904761905,44.461904761904755,4.0809523809523816,3.4676190476190483,2.8714285714285714,0.0,0.007904761904761906
206,18,730,58.15238095238095,56.39428571428571,54.44285714285714,45.390476190476186,46.70809523809525,45.390476190476186,52.92857142857143,48.39523809523809,44.05714285714286,4.023809523809525,3.4342857142857146,2.8571428571428568,0.0,0.007904761904761906
207,19,710,57.76666666666666,56.030952380952385,54.11904761904761,45.085714285714296,46.39523809523809,45.085714285714296,52.452380952380956,48.05380952380952,43.795238095238105,3.9809523809523815,3.39952380952381,2.8285714285714287,0.0,0.007904761904761906
208,20,720,57.8,56.05238095238095,54.12857142857143,45.18571428571428,46.464285714285715,45.18571428571428,52.55238095238095,48.17523809523809,43.938095238095244,3.933333333333333,3.3519047619047617,2.780952380952381,0.0,0.007904761904761906
209,21,740,57.86666666666667,56.12857142857143,54.22380952380952,45.33809523809524,46.60380952380952,45.33809523809524,52.61428571428571,48.32523809523809,44.13809523809525,3.8952380952380947,3.3242857142857143,2.7571428571428567,0.0,0.007904761904761906
210,23,735,57.92857142857143,56.24857142857143,54.414285714285704,45.56666666666667,46.80809523809525,45.56666666666667,52.5952380952381,48.530952380952385,44.547619047619044,3.8761904761904757,3.319523809523809,2.761904761904762,0.0,0.010333333333333332
211,24,730,57.985714285714295,56.328095238095244,54.52857142857143,45.676190476190484,46.89476190476189,45.676190476190484,52.5952380952381,48.55238095238095,44.63809523809525,3.8571428571428568,3.306190476190476,2.761904761904762,0.0,0.010333333333333332
212,25,740,58.042857142857144,56.41047619047621,54.62380952380953,45.771428571428565,46.97904761904761,45.771428571428565,52.5952380952381,48.55714285714286,44.65238095238095,3.809523809523809,3.2885714285714287,2.780952380952381,0.0,0.010333333333333332
213,26,735,58.07619047619048,56.47571428571428,54.74285714285714,45.92380952380952,47.11238095238095,45.92380952380952,52.5952380952381,48.728571428571435,44.94285714285714,3.809523809523809,3.3042857142857147,2.804761904761905,0.0,0.010333333333333332
214,27,750,58.0952380952381,56.52238095238096,54.83333333333334,46.10476190476191,47.24952380952382,46.10476190476191,52.5952380952381,48.92857142857143,45.28571428571429,3.809523809523809,3.3033333333333337,2.804761904761905,0.0,0.01238095238095238
215,28,760,58.15238095238095,56.59238095238095,54.91904761904761,46.2,47.338571428571434,46.2,52.5952380952381,48.98714285714286,45.404761904761905,3.809523809523809,3.304761904761905,2.8095238095238093,0.0,0.01238095238095238
216,30,740,58.171428571428564,56.69714285714286,55.11428571428571,46.39523809523809,47.49523809523809,46.39523809523809,52.5952380952381,49.133809523809525,45.77619047619048,3.752380952380952,3.27952380952381,2.8095238095238093,0.0,0.015047619047619048
217,2,780,58.228571428571435,56.74952380952382,55.19047619047619,46.6952380952381,47.77857142857143,46.6952380952381,52.90952380952381,49.63047619047619,46.33809523809524,3.7190476190476187,3.2333333333333334,2.7571428571428567,0.0,0.017285714285714286
218,3,785,58.23809523809525,56.79571428571429,55.3,46.823809523809516,47.890476190476186,46.823809523809516,52.904761904761905,49.76142857142857,46.61904761904761,3.7095238095238097,3.2261904761904763,2.7523809523809524,0.0,0.017285714285714286
219,4,800,58.204761904761895,56.81476190476191,55.39523809523809,46.97142857142857,47.99142857142858,46.97142857142857,52.904761904761905,49.93761904761904,46.97142857142857,3.695238095238096,3.2223809523809517,2.7571428571428567,0.0,0.017285714285714286
220,5,810,58.171428571428564,56.831428571428575,55.47619047619048,47.323809523809516,48.15571428571429,47.323809523809516,52.904761904761905,50.178095238095246,47.44761904761905,3.6666666666666665,3.2066666666666666,2.761904761904762,0.0,0.017285714285714286
221,8,810,57.74285714285714,56.48714285714286,55.214285714285715,47.328571428571436,48.06761904761907,47.328571428571436,52.72380952380952,50.250952380952384,47.78571428571429,3.6142857142857134,3.164761904761905,2.7142857142857144,0.0,0.017285714285714286
222,9,840,57.73333333333333,56.48,55.20952380952381,47.42857142857143,48.15333333333334,47.42857142857143,52.94285714285714,50.491428571428564,48.047619047619044,3.5809523809523816,3.133809523809524,2.685714285714285,0.0,0.017285714285714286
223,10,850,57.75714285714286,56.48,55.18571428571428,47.49523809523809,48.22000000000001,47.49523809523809,53.171428571428564,50.65333333333333,48.14285714285714,3.5,3.0504761904761906,2.6,0.0,0.017285714285714286
224,11,860,57.795238095238105,56.51809523809524,55.22380952380952,47.538095238095245,48.26285714285714,47.538095238095245,53.18571428571428,50.667619047619034,48.15714285714286,3.4761904761904763,3.026666666666667,2.5761904761904764,0.0,0.017285714285714286
225,12,870,57.42857142857143,56.20619047619048,54.96666666666667,47.36666666666667,48.048571428571435,47.36666666666667,52.70952380952381,50.3747619047619,48.047619047619044,3.4380952380952383,3.002857142857143,2.566666666666667,0.0,0.017285714285714286
226,14,865,57.42857142857143,56.24666666666667,55.047619047619044,47.52857142857143,48.17952380952382,47.52857142857143,52.771428571428565,50.55809523809523,48.35238095238096,3.4047619047619047,2.9814285714285718,2.557142857142857,0.0,0.017285714285714286
227,15,840,57.74761904761905,56.56571428571429,55.36666666666667,47.84761904761905,48.49857142857143,47.84761904761905,53.24761904761905,51.03428571428571,48.828571428571436,3.4047619047619047,2.9814285714285718,2.557142857142857,0.0,0.017285714285714286
228,16,845,57.74761904761905,56.56571428571429,55.36666666666667,47.84761904761905,48.49857142857143,47.84761904761905,53.24761904761905,51.03428571428571,48.828571428571436,3.4047619047619047,2.9814285714285718,2.557142857142857,0.0,0.017285714285714286
229,17,850,58.07142857142857,56.88952380952382,55.69047619047619,48.171428571428564,48.82238095238095,48.171428571428564,53.72380952380952,51.510476190476176,49.3047619047619,3.4047619047619047,2.9814285714285718,2.557142857142857,0.0,0.017285714285714286
230,18,840,58.404761904761905,57.22285714285715,56.023809523809526,48.50476190476191,49.15571428571429,48.50476190476191,54.2,51.98666666666666,49.780952380952385,3.4047619047619047,2.9814285714285718,2.557142857142857,0.0,0.017285714285714286
231,19,860,58.78571428571429,57.60380952380953,56.404761904761905,48.85238095238096,49.50333333333334,48.85238095238096,54.585714285714296,52.37238095238095,50.16666666666666,3.4190476190476184,2.995714285714286,2.571428571428572,0.0,0.017285714285714286
232,21,850,59.171428571428564,57.989523809523824,56.79047619047619,49.228571428571435,49.87952380952381,49.228571428571435,55.023809523809526,52.81047619047619,50.60476190476191,3.423809523809524,3.0004761904761907,2.5761904761904764,0.0,0.017285714285714286
233,22,850,58.83333333333334,57.67523809523811,56.5,48.961904761904755,49.600952380952386,48.961904761904755,54.547619047619044,52.429523809523815,50.319047619047616,3.3904761904761904,2.971904761904762,2.5523809523809518,0.0,0.017285714285714286
234,23,870,58.49047619047619,57.332380952380966,56.15714285714286,48.680952380952384,49.32,48.680952380952384,54.24761904761905,52.12952380952379,50.01904761904761,3.3761904761904757,2.957619047619048,2.5380952380952384,0.0,0.017285714285714286
235,24,865,58.49047619047619,57.332380952380966,56.15714285714286,48.680952380952384,49.32,48.680952380952384,54.24761904761905,52.12952380952379,50.01904761904761,3.3761904761904757,2.957619047619048,2.5380952380952384,0.0,0.017285714285714286
236,25,880,58.49047619047619,57.332380952380966,56.15714285714286,48.680952380952384,49.32,48.680952380952384,54.24761904761905,52.12952380952379,50.01904761904761,3.3761904761904757,2.957619047619048,2.5380952380952384,0.0,0.017285714285714286
237,26,875,58.30952380952381,57.151428571428575,55.97619047619048,48.76666666666666,49.40571428571429,48.76666666666666,54.65238095238095,52.53428571428571,50.42380952380952,3.4,2.9814285714285718,2.5619047619047617,0.0,0.017285714285714286
238,30,890,59.42857142857143,58.21571428571429,56.985714285714295,49.69047619047619,50.331904761904774,49.69047619047619,55.85714285714285,53.59857142857143,51.34761904761905,3.4571428571428573,3.026666666666667,2.595238095238096,0.0,0.017285714285714286
239,31,895,59.42857142857143,58.21571428571429,56.985714285714295,49.69047619047619,50.331904761904774,49.69047619047619,55.85714285714285,53.59857142857143,51.34761904761905,3.4571428571428573,3.026666666666667,2.595238095238096,0.0,0.017285714285714286
240,2,890,59.42857142857143,58.21571428571429,56.985714285714295,49.69047619047619,50.331904761904774,49.69047619047619,55.85714285714285,53.59857142857143,51.34761904761905,3.4571428571428573,3.026666666666667,2.595238095238096,0.0,0.017285714285714286
241,4,900,59.42857142857143,58.21571428571429,56.985714285714295,49.69047619047619,50.331904761904774,49.69047619047619,55.85714285714285,53.59857142857143,51.34761904761905,3.4571428571428573,3.026666666666667,2.595238095238096,0.0,0.017285714285714286
242,5,910,59.42857142857143,58.21571428571429,56.985714285714295,49.69047619047619,50.331904761904774,49.69047619047619,55.85714285714285,53.59857142857143,51.34761904761905,3.4571428571428573,3.026666666666667,2.595238095238096,0.0,0.017285714285714286
243,6,910,59.08095238095239,57.86809523809524,56.63809523809525,49.38571428571429,50.027142857142856,49.38571428571429,55.50476190476191,53.24619047619047,50.99523809523809,3.4571428571428573,3.026666666666667,2.595238095238096,0.0,0.017285714285714286
244,7,915,59.08095238095239,57.86809523809524,56.63809523809525,49.38571428571429,50.027142857142856,49.38571428571429,55.50476190476191,53.24619047619047,50.99523809523809,3.4571428571428573,3.026666666666667,2.595238095238096,0.0,0.017285714285714286
245,8,930,58.671428571428564,57.45857142857143,56.228571428571435,49.11904761904761,49.760476190476204,49.11904761904761,55.33333333333334,53.07476190476189,50.823809523809516,3.4095238095238094,2.9790476190476185,2.5476190476190474,0.0,0.017285714285714286
246,13,915,59.97619047619048,58.68714285714286,57.38095238095239,50.219047619047615,50.889047619047616,50.219047619047615,57.15714285714286,54.734285714285704,52.319047619047616,3.433333333333333,2.995714285714286,2.557142857142857,0.0,0.017285714285714286
247,14,910,60.271428571428565,58.982380952380964,57.676190476190484,50.514285714285705,51.184285714285714,50.514285714285705,57.63333333333333,55.21047619047618,52.795238095238105,3.433333333333333,2.995714285714286,2.557142857142857,0.0,0.017285714285714286
248,15,920,60.18571428571428,58.894285714285715,57.59047619047619,50.55714285714286,51.217619047619046,50.55714285714286,57.80952380952381,55.46999999999999,53.13809523809525,3.4047619047619047,2.9647619047619047,2.523809523809524,0.0,0.017285714285714286
249,16,925,60.18571428571428,58.894285714285715,57.59047619047619,50.55714285714286,51.217619047619046,50.55714285714286,57.80952380952381,55.46999999999999,53.13809523809525,3.4285714285714284,2.988571428571429,2.5476190476190474,0.0,0.017285714285714286
250,18,925,60.37619047619047,59.04666666666667,57.704761904761895,50.81428571428572,51.48904761904761,50.81428571428572,58.59047619047619,56.18428571428571,53.78571428571429,3.4476190476190482,2.9980952380952384,2.5476190476190474,0.0,0.017285714285714286
251,19,880,60.63809523809525,59.30857142857143,57.96666666666667,51.07619047619048,51.750952380952384,51.07619047619048,59.06666666666667,56.66047619047619,54.26190476190475,3.4476190476190482,2.9980952380952384,2.5476190476190474,0.0,0.017285714285714286
252,20,860,60.50476190476191,59.17523809523811,57.83333333333334,51.02857142857143,51.70333333333334,51.02857142857143,59.28571428571429,56.87952380952379,54.48095238095239,3.433333333333333,2.983809523809524,2.533333333333333,0.0,0.017285714285714286
253,21,850,60.76190476190475,59.43238095238096,58.09047619047619,51.28571428571429,51.960476190476186,51.28571428571429,59.76190476190475,57.355714285714285,54.957142857142856,3.4380952380952383,2.988571428571429,2.5380952380952384,0.0,0.017285714285714286
254,22,850,60.55238095238095,59.2752380952381,57.985714285714295,51.323809523809516,51.96523809523811,51.323809523809516,59.9,57.62952380952379,55.36666666666667,3.4047619047619047,2.9647619047619047,2.523809523809524,0.0,0.017285714285714286
255,23,830,60.1952380952381,58.91809523809525,57.62857142857143,51.042857142857144,51.684285714285714,51.042857142857144,59.62380952380953,57.35333333333333,55.09047619047619,3.4,2.96,2.519047619047619,0.0,0.017285714285714286
256,25,835,60.13333333333333,58.83952380952381,57.53333333333333,51.14285714285714,51.80095238095239,51.14285714285714,60.11428571428571,57.84380952380952,55.58095238095239,3.4095238095238094,2.969523809523809,2.5285714285714285,0.0,0.017285714285714286
257,26,830,59.89523809523809,58.67761904761907,57.452380952380956,51.24285714285714,51.8452380952381,51.24285714285714,60.323809523809516,58.17857142857142,56.014285714285705,3.3809523809523814,2.9490476190476187,2.519047619047619,0.0,0.017285714285714286
258,27,825,60.18571428571428,58.968095238095245,57.74285714285714,51.53333333333333,52.13571428571429,51.53333333333333,60.8,58.6547619047619,56.49047619047619,3.3952380952380947,2.963333333333333,2.533333333333333,0.0,0.017285714285714286
259,28,850,60.18571428571428,58.968095238095245,57.74285714285714,51.53333333333333,52.13571428571429,51.53333333333333,60.8,58.6547619047619,56.49047619047619,3.3952380952380947,2.963333333333333,2.533333333333333,0.0,0.017285714285714286
260,29,840,60.047619047619044,58.83000000000001,57.60476190476191,51.59047619047619,52.19285714285714,51.59047619047619,61.15714285714286,59.01190476190475,56.84761904761905,3.3571428571428568,2.925238095238095,2.4952380952380957,0.0,0.01842857142857143
261,30,845,60.33333333333334,59.10857142857144,57.87619047619047,51.86190476190475,52.47142857142857,51.86190476190475,61.63333333333333,59.48809523809523,57.323809523809516,3.3666666666666667,2.93,2.4952380952380957,0.0,0.01842857142857143
262,2,845,59.61428571428571,58.38952380952382,57.15714285714286,51.49047619047619,52.1,51.49047619047619,61.38095238095239,59.23571428571428,57.07142857142857,3.3285714285714287,2.8919047619047618,2.4571428571428573,0.0,0.01842857142857143
263,3,840,59.404761904761905,58.18000000000001,56.94761904761905,51.485714285714295,52.0952380952381,51.485714285714295,61.74761904761905,59.60238095238093,57.438095238095244,3.295238095238095,2.8585714285714285,2.423809523809524,0.0,0.01842857142857143
264,4,830,59.16666666666666,57.94190476190477,56.70952380952381,51.5,52.109523809523814,51.5,62.14285714285714,59.99761904761904,57.83333333333334,3.2523809523809524,2.815714285714286,2.380952380952381,0.0,0.01842857142857143
265,5,880,59.00476190476191,57.78000000000001,56.547619047619044,51.49523809523809,52.11666666666667,51.49523809523809,62.44761904761905,60.295238095238076,58.12380952380953,3.2238095238095243,2.796666666666667,2.3714285714285714,0.0,0.01842857142857143
266,6,870,58.819047619047616,57.60142857142858,56.37619047619047,51.547619047619044,52.15952380952381,51.547619047619044,62.819047619047616,60.43333333333332,58.02857142857143,3.2,2.775238095238095,2.3523809523809525,0.0,0.01842857142857143
267,7,880,58.819047619047616,57.60142857142858,56.37619047619047,51.547619047619044,52.15952380952381,51.547619047619044,62.819047619047616,60.43333333333332,58.02857142857143,3.2,2.775238095238095,2.3523809523809525,0.0,0.01842857142857143
268,9,1010,58.938095238095244,57.672857142857154,56.4,51.719047619047615,52.37857142857143,51.719047619047615,63.60476190476191,61.219047619047615,58.81428571428572,3.138095238095238,2.7038095238095234,2.271428571428572,0.0,0.01842857142857143
269,10,1020,58.80952380952381,57.53476190476191,56.25238095238095,51.66190476190477,52.33095238095239,51.66190476190477,63.83809523809524,61.452380952380935,59.047619047619044,3.128571428571429,2.694285714285714,2.261904761904762,0.0,0.01842857142857143
270,11,1030,58.38571428571429,57.110952380952384,55.828571428571436,51.319047619047616,51.98809523809525,51.319047619047616,63.56666666666667,61.18095238095237,58.77619047619048,3.095238095238096,2.6609523809523807,2.2285714285714286,0.0,0.01842857142857143
271,12,1020,58.65238095238095,57.37761904761905,56.0952380952381,51.585714285714296,52.25476190476191,51.585714285714296,64.04285714285714,61.65714285714285,59.25238095238095,3.1047619047619053,2.6704761904761902,2.238095238095238,0.0,0.01842857142857143
272,13,1025,58.92857142857143,57.65380952380953,56.371428571428574,51.86190476190475,52.530952380952385,51.86190476190475,64.51904761904763,62.13333333333333,59.728571428571435,3.1047619047619053,2.6704761904761902,2.238095238095238,0.0,0.01842857142857143
273,14,1235,58.85238095238096,57.577619047619045,56.295238095238105,51.819047619047616,52.48809523809525,51.819047619047616,64.62380952380953,62.23809523809523,59.83333333333334,3.128571428571429,2.694285714285714,2.261904761904762,0.0,0.01842857142857143
274,16,1440,58.50952380952381,57.29809523809524,56.08095238095239,51.84761904761905,52.448571428571434,51.84761904761905,64.98095238095237,62.73666666666666,60.46666666666667,3.1190476190476186,2.6990476190476187,2.2904761904761903,0.0,0.01842857142857143
275,17,1480,58.13333333333333,56.92190476190478,55.704761904761895,51.56666666666667,52.16761904761905,51.56666666666667,64.73809523809524,62.49380952380952,60.22380952380952,3.1142857142857143,2.694285714285714,2.2857142857142856,0.0,0.01842857142857143
276,18,1500,57.74285714285714,56.53142857142858,55.31428571428572,51.26666666666666,51.867619047619044,51.26666666666666,64.49047619047619,62.246190476190485,59.97619047619048,3.1,2.68,2.271428571428572,0.0,0.01842857142857143
277,19,1550,57.609523809523814,56.374285714285726,55.13333333333333,51.14285714285714,51.75333333333334,51.14285714285714,64.64285714285714,62.34857142857143,60.02857142857143,3.1142857142857143,2.6919047619047616,2.280952380952381,0.0,0.01842857142857143
278,20,1500,57.4,56.164761904761924,54.92380952380952,51.023809523809526,51.63428571428572,51.023809523809526,64.86190476190477,62.56761904761907,60.24761904761905,3.095238095238096,2.6728571428571426,2.261904761904762,0.0,0.01842857142857143
279,21,1500,57.023809523809526,55.78857142857144,54.547619047619044,50.704761904761895,51.3152380952381,50.704761904761895,64.54285714285714,62.24857142857143,59.92857142857143,3.066666666666667,2.6442857142857137,2.2333333333333334,0.0,0.01842857142857143
280,23,1480,56.65238095238095,55.4552380952381,54.25238095238095,50.6,51.20095238095239,50.6,64.98095238095237,62.75571428571429,60.50476190476191,3.0571428571428565,2.6419047619047618,2.238095238095238,0.0,0.01842857142857143
281,24,1450,56.36190476190475,55.23285714285715,54.109523809523814,50.66190476190477,51.20571428571429,50.66190476190477,65.20952380952382,63.10666666666666,60.94285714285714,3.033333333333333,2.65,2.2666666666666666,0.0,0.01842857142857143
282,26,1440,55.80952380952381,54.68047619047619,53.55714285714286,50.33333333333334,50.87714285714286,50.33333333333334,65.27142857142857,63.16857142857143,61.00476190476191,3.0476190476190474,2.6642857142857137,2.280952380952381,0.0,0.01842857142857143
283,27,1450,55.4,54.27095238095239,53.147619047619045,50.1,50.64380952380953,50.1,65.13809523809523,63.03523809523811,60.871428571428574,3.0380952380952384,2.6547619047619047,2.271428571428572,0.0,0.01842857142857143
284,28,1480,54.90952380952381,53.82333333333333,52.74285714285714,49.84761904761905,50.38428571428572,49.84761904761905,64.96190476190475,62.901904761904774,60.780952380952385,3.023809523809524,2.642857142857143,2.261904761904762,0.0,0.01842857142857143
285,30,1380,54.214285714285715,53.161428571428566,52.11428571428571,49.44285714285714,49.96285714285714,49.44285714285714,64.95238095238095,62.95666666666667,60.9,2.966666666666667,2.5904761904761906,2.2142857142857144,0.0,0.01842857142857143
286,31,1450,54.214285714285715,53.161428571428566,52.11428571428571,49.44285714285714,49.96285714285714,49.44285714285714,64.95238095238095,62.95666666666667,60.9,2.966666666666667,2.5904761904761906,2.2142857142857144,0.0,0.01842857142857143
